#,Date,Account,Detail,Payee,Category,Type,Amount,BAL,WAIV,NOTE
1,1 Dec 2025,Zesti-I (Maybank),STARTING BALANCE,,,,367.42,,,
2,1 Dec 2025,Zesti-I (Maybank),DUITNOW QR HTTAPAHCATERER *QR77647184,,,,-MYR 5.80,MYR 361.62,,
3,1 Dec 2025,Zesti-I (Maybank),098475182Q Notes Copy & Print *MBBQR111112802,,,,-MYR 20.00,MYR 341.62,,
4,1 Dec 2025,Zesti-I (Maybank),124812975Q AMMARYAM ENTERPRISE*MBBQR111112803,,,,-MYR 8.00,MYR 333.62,,
5,1 Dec 2025,Zesti-I (Maybank),127202235Q AMMARYAM ENTERPRISE*MBBQR111112803,,,,-MYR 2.00,MYR 331.62,,
6,1 Dec 2025,Zesti-I (Maybank),"APPLE.COM/BILL*ITUNES.COM,IE",,,,-MYR 3.90,MYR 327.72,,
7,2 Dec 2025,Zesti-I (Maybank),DUITNOW QR HTTAPAHCATERER *QR82502943,,,,-MYR 3.30,MYR 324.42,,
8,2-Dec-25,Zesti-I (Maybank),210610612Q AMMARYAM ENTERPRISE*MBBQR111112805,,,,-MYR 8.00,MYR 316.42,,
9,3 Dec 2025,Zesti-I (Maybank),MAE OR AMAN NIAGA ENTERPRI*2941313910,,,,-MYR 2.00,MYR 314.42,,
10,3 Dec 2025,Zesti-I (Maybank),"TNG-EWALLET ECOM 2*KUALA LUMPUR,",,,,-MYR 20.00,MYR 294.42,,
11,3 Dec 2025,Zesti-I (Maybank),"TNG-EWALLET ECOM 2-*KUALA LUMPUR,",,,,-MYR 20.00,MYR 274.42,,
12,3-Dec-25,Zesti-I (Maybank),"PSS-PRECINT 16 PUTR*PUTRAJAYA, MY",,,,-MYR 50.00,MYR 224.42,,
13,3 Dec 2025,Zesti-I (Maybank),"PSS-PRECINT 16 PUTR*PUTRAJAYA, MY",,,,MYR 50.00,MYR 274.42,,
14,3 Dec 2025,Zesti-I (Maybank),"PSS-PRECINT 16 PUTR*PUTRAJAYA, MY",,,,-MYR 50.00,MYR 224.42,,
15,3 Dec 2025,Zesti-I (Maybank),MAE QR AMAN NIAGA ENTERPRI*286011234Q,,,,-MYR 6.00,MYR 218.42,,
16,4 Dec 2025,Zesti-I (Maybank),MAE QR AMAN NIAGA ENTERPRI*375633573Q,,,,-MYR 4.00,MYR 214.42,,
17,4 Dec 2025,Zesti-I (Maybank),DUITNOW QR FAZAENTERPRISE *QR76359603,,,,-MYR 11.50,MYR 202.92,,
18,5-Dec-25,Zesti-I (Maybank),"LDP PUCHONG SELATAN*PUCHONG, MY",,,,-MYR 2.10,MYR 200.82,,
19,5 Dec 2025,Zesti-I (Maybank),MAE QR AMAN NIAGA ENTERPRI*459762895Q,,,,-MYR 4.00,MYR 196.82,,
20,5 Dec 2025,Zesti-I (Maybank),MAE OR AMAN NIAGA ENTERPRI*474772409Q,,,,-MYR 2.00,MYR 194.82,,
21,5 Dec 2025,Zesti-I (Maybank),"TNG-EWALLET ECOM 2-*KUALA LUMPUR,",,,,-MYR 20.00,MYR 174.82,,
22,5 Dec 2025,Zesti-I (Maybank),4948385250 AMMARYAM ENTERPRISE*MBBOR111112816,,,,-MYR 12.00,MYR 162.82,,
23,6-Dec-25,Zesti-I (Maybank),251206072419319620251206M0000041861*Shopee MarketP,,,,-MYR 49.90,MYR 112.92,,
24,6 Dec 2025,Zesti-I (Maybank),MBB CT- MUSTAFA YOUSIF ELAG*Fund Transfer,,,,MYR 36.15,MYR 149.07,,
25,6-Dec-25,Zesti-I (Maybank),"TNG-EWALLET ECOM 2-*KUALA LUMPUR,",,,,-MYR 20.00,MYR 129.07,,
26,6 Dec 2025,Zesti-I (Maybank),MBB CT- MUSTAFA YOUSIF ELAG*Fund Transfer,,,,MYR 20.00,MYR 149.07,,
27,6 Dec 2025,Zesti-I (Maybank),"HOME PRODUCT CTR *PUTRAJAYA, MY",,,,-MYR 44.70,MYR 104.37,,
28,6-Dec-25,Zesti-I (Maybank),"LOTUS'S IOI CITY *PUTRAJAYA, MY",,,,-MYR 55.60,MYR 48.77,,
29,6 Dec 2025,Zesti-I (Maybank),MBB CT MUSTAFA YOUSIF ELAG*Booking,,,,-MYR 93.40,-MYR 44.63,,
30,6-Dec-25,Zesti-I (Maybank),"TNG-EWALLET ECOM 2-*KUALA LUMPUR,",,,,-MYR 93.41,-MYR 138.04,,
31,7 Dec 2025,Zesti-I (Maybank),MBB CT- MUSTAFA YOUSIF ELAG*Fund Transfer,,,,MYR 93.40,-MYR 44.64,,
32,7 Dec 2025,Zesti-I (Maybank),636106344QMBBQR1713454*11112822541709,,,,-MYR 18.00,-MYR 62.64,,
33,7 Dec 2025,Zesti-I (Maybank),MBB CT MUSTAFA YOUSIF ELAG*coffee,,,,-MYR 4.00,-MYR 66.64,,
34,7-Dec-25,Zesti-I (Maybank),"CBTL-IOI *PUTRAJAYA, MY",,,,-MYR 27.80,-MYR 94.44,,
35,7 Dec 2025,Zesti-I (Maybank),WTDRW Savings MUSTAFA YOUSIF ELAG*00000001,,,,"MYR 2,000.00","MYR 1,905.56",,
36,7 Dec 2025,Zesti-I (Maybank),2512072010290479 T068214651125 *IPAY88 (M) SDN,,,,"-MYR 1,899.00",MYR 6.56,,
37,7 Dec 2025,Zesti-I (Maybank),"PANAXIS-IOI CITY MA*KUALA LUMPUR,",,,,-MYR 9.00,-MYR 2.44,,
38,8-Dec-25,Zesti-I (Maybank),DUITNOW QR HTTAPAHCATERER *QR85797508,,,,-MYR 4.80,-MYR 7.24,,
39,8 Dec 2025,Zesti-I (Maybank),729053840Q AMMARYAM ENTERPRISE*MBBQR111112826,,,,-MYR 7.50,-MYR 14.74,,
40,8 Dec 2025,Zesti-I (Maybank),730882977Q AMMARYAM ENTERPRISE*MBBQR111112826,,,,-MYR 2.50,-MYR 17.24,,
41,8 Dec 2025,Zesti-I (Maybank),2512081649353585 20251208M0000041861*Shopee MarketP,,,,-MYR 113.59,-MYR 130.83,,
42,8-Dec-25,Zesti-I (Maybank),"PSS PERSIARAN APEC *SEPANG, MY",,,,-MYR 50.00,-MYR 180.83,,
43,8 Dec 2025,Zesti-I (Maybank),"PSS PERSIARAN APEC *SEPANG, MY",,,,MYR 50.00,-MYR 130.83,,
44,8-Dec-25,Zesti-I (Maybank),"PSS PERSIARAN APEC *SEPANG, MY",,,,-MYR 50.00,-MYR 180.83,,
45,9 Dec 2025,Zesti-I (Maybank),MBB CT- Wise Payments Malay*TW1628637656 T,,,,"MYR 6,507.66","MYR 6,326.83",,
46,9 Dec 2025,Zesti-I (Maybank),01 MULTIMEDIA UNIVERSI*1221304179,,,,"-MYR 5,244.30","MYR 1,082.53",,
47,9 Dec 2025,Zesti-I (Maybank),DUITNOW QR YEECHIACHUN *QR87640484,,,,-MYR 6.00,"MYR 1,076.53",,
48,9-Dec-25,Zesti-I (Maybank),DUITNOW QR HT TAPAH CATERER *QR70538052,,,,-MYR 1.80,"MYR 1,074.73",,
49,9 Dec 2025,Zesti-I (Maybank),DUITNOW QR MUHAMMADLUTFIBINDAR*QR88120106,,,,-MYR 7.00,"MYR 1,067.73",,
50,9 Dec 2025,Zesti-I (Maybank),"PERODUA *CYBERJAYA, MY",,,,-MYR 425.90,MYR 641.83,,
51,10 Dec 2025,Zesti-I (Maybank),"GADGET C STORE BRAN*SELANGOR, MY",,,,-MYR 30.00,MYR 611.83,,
52,10 Dec 2025,Zesti-I (Maybank),"GKS*STUFFD *WP KUALA LUMP,",,,,-MYR 19.60,MYR 592.23,,
53,10 Dec 2025,Zesti-I (Maybank),AUTO-DEDUCTION GOAL Spare Change *00000001,,,,-MYR 0.83,MYR 591.40,,
54,10 Dec 2025,Zesti-I (Maybank),"TNG-EWALLET ECOM 3-*KUALA LUMPUR,",,,,-MYR 50.00,MYR 541.40,,
55,10 Dec 2025,Zesti-I (Maybank),"TNG-EWALLET ECOM 3-*KUALA LUMPUR,",,,,-MYR 20.00,MYR 521.40,,
56,10 Dec 2025,Zesti-I (Maybank),"TNG-EWALLET ECOM 3-*KUALA LUMPUR,",,,,-MYR 40.00,MYR 481.40,,
57,11-Dec-25,Zesti-I (Maybank),"TNG-EWALLET ECOM 2-*KUALA LUMPUR,",,,,-MYR 11.20,MYR 470.20,,
58,13-Dec-25,Zesti-I (Maybank),MBB CT- MUSTAFA YOUSIF ELAG*Fund Transfer,,,,MYR 8.03,MYR 478.23,,
59,13 Dec 2025,Zesti-I (Maybank),"TNG-EWALLET ECOM 2-*KUALA LUMPUR,",,,,-MYR 13.90,MYR 464.33,,
60,13 Dec 2025,Zesti-I (Maybank),"TNG-EWALLET ECOM 2-*KUALA LUMPUR,",,,,-MYR 11.90,MYR 452.43,,
61,13 Dec 2025,Zesti-I (Maybank),"TNG-EWALLET ECOM 2-*KUALA LUMPUR,",,,,-MYR 10.00,MYR 442.43,,
62,14-Dec-25,Zesti-I (Maybank),"TNG-EWALLET ECOM 2-*KUALA LUMPUR,",,,,-MYR 24.10,MYR 418.33,,
63,14 Dec 2025,Zesti-I (Maybank),"TNG-EWALLET ECOM 2-*KUALA LUMPUR,",,,,-MYR 42.40,MYR 375.93,,
64,14 Dec 2025,Zesti-I (Maybank),"TNG-EWALLET ECOM 2-*KUALA LUMPUR,",,,,-MYR 40.00,MYR 335.93,,
65,14 Dec 2025,Zesti-I (Maybank),"TNG-EWALLET ECOM 2-*KUALA LUMPUR,",,,,-MYR 10.81,MYR 325.12,,
66,14 Dec 2025,Zesti-I (Maybank),"TNG-EWALLET ECOM 2-*KUALA LUMPUR,",,,,-MYR 11.20,MYR 313.92,,
67,14-Dec-25,Zesti-I (Maybank),"TNG-EWALLET ECOM 2-*KUALA LUMPUR,",,,,-MYR 17.90,MYR 296.02,,
68,15 Dec 2025,Zesti-I (Maybank),"TNG-EWALLET ECOM 2-*KUALA LUMPUR,",,,,-MYR 50.26,MYR 245.76,,
69,15 Dec 2025,Zesti-I (Maybank),"TNG-EWALLET ECOM 2-*KUALA LUMPUR,",,,,-MYR 5.80,MYR 239.96,,
70,15 Dec 2025,Zesti-I (Maybank),"TNG-EWALLET ECOM 2-*KUALA LUMPUR,",,,,-MYR 60.00,MYR 179.96,,
71,15 Dec 2025,Zesti-I (Maybank),ATM CARD CHARGES,,,,-MYR 12.00,MYR 167.96,,
72,16 Dec 2025,Zesti-I (Maybank),MUBARAK AHMAD SALEH*Eggs,,,,-MYR 4.00,MYR 163.96,,
73,16 Dec 2025,Zesti-I (Maybank),DUITNOW SALIFOU SOULTAN TOU*Broken Egg,,,,-MYR 1.00,MYR 162.96,,
74,16 Dec 2025,Zesti-I (Maybank),325154224Q AMMARYAM ENTERPRISE*MBBQR111112851,,,,-MYR 18.50,MYR 144.46,,
75,16 Dec 2025,Zesti-I (Maybank),354576778Q MBBQR2185085*11112852681047,,,,-MYR 8.00,MYR 136.46,,
76,16 Dec 2025,Zesti-I (Maybank),DUITNOW QR KOR.B KOREAN CYBERJ*QR84251475,,,,-MYR 21.55,MYR 114.91,,
77,17-Dec-25,Zesti-I (Maybank),MBB CT MUSTAFA YOUSIF ELAG*Tng,,,,-MYR 20.00,MYR 94.91,,
78,17 Dec 2025,Zesti-I (Maybank),MAE QR AMAN NIAGA ENTERPRI*390719416Q,,,,-MYR 4.50,MYR 90.41,,
79,17 Dec 2025,Zesti-I (Maybank),434053673QMBBQR1960117*11112855883364,,,,-MYR 169.00,-MYR 78.59,,
80,17 Dec 2025,Zesti-I (Maybank),437983778Q MBBQR1960117*11112856071122,,,,-MYR 11.00,-MYR 89.59,,
81,17 Dec 2025,Zesti-I (Maybank),441213400Q SADDAM SIGNATURE SD*MBBQR111112856,,,,-MYR 7.50,-MYR 97.09,,
82,17 Dec 2025,Zesti-I (Maybank),442349309Q SADDAM SIGNATURE SD*MBBQR111112856,,,,-MYR 2.50,-MYR 99.59,,
83,18 Dec 2025,Zesti-I (Maybank),MAE QRAMAN NIAGA ENTERPRI*473629435Q,,,,-MYR 8.00,-MYR 107.59,,
84,18 Dec 2025,Zesti-I (Maybank),DUITNOW QR WAN MOHD NOR AOLIAK*QR87772478,,,,-MYR 32.19,-MYR 139.78,,
85,18 Dec 2025,Zesti-I (Maybank),QR PAY SALES Zurazrin Food Stati*535415205Q,,,,-MYR 12.00,-MYR 151.78,,
86,18 Dec 2025,Zesti-I (Maybank),QR PAY SALES Zurazrin Food Stati*535434366Q,,,,-MYR 0.50,-MYR 152.28,,
87,18-Dec-25,Zesti-I (Maybank),QR PAY SALES Zurazrin Food Stati*537826354Q,,,,-MYR 3.20,-MYR 155.48,,
88,20 Dec 2025,Zesti-I (Maybank),"ZUS COFFEE-PUTRAJAY*PUTRAJAYA, MYS",,,,-MYR 15.40,-MYR 170.88,,
89,20 Dec 2025,Zesti-I (Maybank),701010785Q MBBQR2325131*11112866080068,,,,-MYR 32.10,-MYR 202.98,,
90,20 Dec 2025,Zesti-I (Maybank),"ALPRO PHAACY - F1*W.P.PUTRAJAYA,",,,,-MYR 38.00,-MYR 240.98,,
91,20-Dec-25,Zesti-I (Maybank),"MYDIN BAZAR PUTRAJA*PUTRAJAYA, MYS",,,,-MYR 28.00,-MYR 268.98,,Habitify Subscription
92,21-Dec-25,Zesti-I (Maybank),"APPLE.COM/BILL *CORK, IRL",Apple,Cloud Subscription,,-MYR 79.90,-MYR 348.88,,Milk
93,20-Dec-25,Zesti-I (Maybank),"MYDIN BAZAR PUTRAJA*PUTRAJAYA, MYS",Mydin,,,-MYR 28.00,-MYR 376.88,Iatimad Ali,Omar Medicine
94,20-Dec-25,Zesti-I (Maybank),"ALPRO PHAACY - F1*W.P.PUTRAJAYA,",Alpro Phaacy,,,-MYR 38.00,-MYR 414.88,,Date with Alaa
95,20-Dec-25,Zesti-I (Maybank),701010785Q MBBQR2325131 *11112866080068,Salam noodles,,,-MYR 32.10,-MYR 446.98,,Date with Alaa
96,20-Dec-25,Zesti-I (Maybank),"ZUS COFFEE-PUTRAJAY*PUTRAJAYA, MYS",Zus Coffee,,,-MYR 15.40,-MYR 462.38,,
97,18-Dec-25,Zesti-I (Maybank),QR PAY SALES Zurazrin Food Stati*537826354Q,Ayam Gepuk,,,-MYR 3.20,-MYR 465.58,,
98,18-Dec-25,Zesti-I (Maybank),QR PAY SALES Zurazrin Food Stati*535434366Q,Ayam Gepuk,,,-MYR 0.50,-MYR 466.08,,
99,18-Dec-25,Zesti-I (Maybank),QR PAY SALES Zurazrin Food Stati*535415205Q,Ayam Gepuk,,,-MYR 12.00,-MYR 478.08,,COD
100,18-Dec-25,Zesti-I (Maybank),DUITNOW QR WAN MOHD NOR AOLIAK*QR87772478,Shopee,,,-MYR 32.19,-MYR 510.27,,Food
101,18-Dec-25,Zesti-I (Maybank),MAE QR AMAN NIAGA ENTERPRI*473629435Q,UniKL Cafeteria,,,-MYR 8.00,-MYR 518.27,,Food
102,17-Dec-25,Zesti-I (Maybank),442349309Q SADDAM SIGNATURE SD*MBBQR111112856,Saddam Nasi Kandar,,,-MYR 2.50,-MYR 520.77,,Food
103,17-Dec-25,Zesti-I (Maybank),441213400Q SADDAM SIGNATURE SD*MBBQR111112856,Saddam Nasi Kandar,,,-MYR 7.50,-MYR 528.27,,Room Reservation
104,17-Dec-25,Zesti-I (Maybank),437983778Q MBBQR1960117 *11112856071122,Hotel 138,,,-MYR 11.00,-MYR 539.27,,Room Reservation
105,17-Dec-25,Zesti-I (Maybank),434053673Q MBBQR1960117 *11112855883364,Hotel 138,,,-MYR 169.00,-MYR 708.27,,Food
106,17-Dec-25,Zesti-I (Maybank),MAE QR AMAN NIAGA ENTERPRI*390719416Q,UniKL Cafeteria,,,-MYR 4.50,-MYR 712.77,,TnG Transfer
107,17-Dec-25,Zesti-I (Maybank),MBB CT MUSTAFA YOUSIF ELAG*Tng,TnG Transfer,,,-MYR 20.00,-MYR 732.77,,Date
108,16-Dec-25,Zesti-I (Maybank),DUITNOW QR KOR.B KOREAN CYBERJ*QR84251475,Kor. B Korean,,,-MYR 21.55,-MYR 754.32,,Date with Alaa
109,16-Dec-25,Zesti-I (Maybank),354576778Q MBBQR2185085 *11112852681047,Mixue,,,-MYR 8.00,-MYR 762.32,,Food at MMU
110,16-Dec-25,Zesti-I (Maybank),325154224Q AMMARYAM ENTERPRISE*MBBQR111112851,Royal Tandoori,,,-MYR 18.50,-MYR 780.82,,Paying friends for Eggs
111,16-Dec-25,Zesti-I (Maybank),DUITNOW SALIFOU SOULTAN TOU*Broken Egg,Soultan Toure,,,-MYR 1.00,-MYR 781.82,,Paying friends for Eggs
112,16-Dec-25,Zesti-I (Maybank),MUBARAK AHMAD SALEH*Eggs,Mubarak Ahmad,,,-MYR 4.00,-MYR 785.82,,Ordering new card at Maybank
113,15-Dec-25,Zesti-I (Maybank),ATM CARD CHARGES,Maybank,,,-MYR 12.00,-MYR 797.82,,Petrol
114,15-Dec-25,Zesti-I (Maybank),TNG-EWALLET ECOM 2-*KUALA LUMPUR,Petronas,,,-MYR 60.00,-MYR 857.82,,
115,15-Dec-25,Zesti-I (Maybank),TNG-EWALLET ECOM 2-*KUALA LUMPU,Hajitappah,,,-MYR 5.80,-MYR 863.62,,
116,15-Dec-25,Zesti-I (Maybank),TNG-EWALLET ECOM 2-*KUALA LUMPUR,Shopee,,,-MYR 50.26,-MYR 913.88,,
117,14-Dec-25,Zesti-I (Maybank),TNG-EWALLET ECOM 2-*KUALA LUMPUR,Shopee,,,-MYR 17.90,-MYR 931.78,,
118,14-Dec-25,Zesti-I (Maybank),TNG-EWALLET ECOM 2-*KUALA LUMPUR,Shopee,,,-MYR 11.20,-MYR 942.98,,
119,14-Dec-25,Zesti-I (Maybank),TNG-EWALLET ECOM 2-*KUALA LUMPUR,Shopee,,,-MYR 10.81,-MYR 953.79,,Shawaa x4
120,14-Dec-25,Zesti-I (Maybank),TNG-EWALLET ECOM 2-*KUALA LUMPUR,Alfirdaws,,,-MYR 40.00,-MYR 993.79,,Milk x 3
121,14-Dec-25,Zesti-I (Maybank),TNG-EWALLET ECOM 2-*KUALA LUMPUR,Mydin,,,-MYR 42.40,"-MYR 1,036.19",,Tools
122,14-Dec-25,Zesti-I (Maybank),"TNG-EWALLET ECOM 2*-KUALA LUMPUR,",Mr DIY,,,-MYR 24.10,"-MYR 1,060.29",,IOI Parking
123,13-Dec-25,Zesti-I (Maybank),"TNG-EWALLET ECOM 2*-KUALA LUMPUR,",Panaxis,,,-MYR 10.00,"-MYR 1,070.29",,Drinks with Alaa
124,13-Dec-25,Zesti-I (Maybank),"TNG-EWALLET ECOM 2*-KUALA LUMPUR,",Chagee,,,-MYR 11.90,"-MYR 1,082.19",,Drinks with Alaa
125,13-Dec-25,Zesti-I (Maybank),"TNG-EWALLET ECOM 2*-KUALA LUMPUR,",Chagee,,,-MYR 13.90,"-MYR 1,096.09",,
126,13-Dec-25,Zesti-I (Maybank),"TNG-EWALLET ECOM 2*-KUALA LUMPUR,",Shopee COD,,,-MYR 4.00,"-MYR 1,100.09",,
127,13-Dec-25,Zesti-I (Maybank),MBB CT-MUSTAFA YOUSIF ELAG*Fund Transfer,TnG Transfer,,,MYR 8.03,"-MYR 1,092.06",,Coffee
128,11-Dec-25,Zesti-I (Maybank),"TNG-EWALLET ECOM 2*-KUALA LUMPUR,",Zus Ara Damansara,,,-MYR 11.20,"-MYR 1,103.26",,For ATM Withdrawal
129,10-Dec-25,Zesti-I (Maybank),"TNG-EWALLET ECOM 3*-KUALA LUMPUR,",TnG Reload,,,-MYR 40.00,"-MYR 1,143.26",,For ATM Withdrawal
130,10-Dec-25,Zesti-I (Maybank),"TNG-EWALLET ECOM 3*-KUALA LUMPUR,",TnG Reload,,,-MYR 20.00,"-MYR 1,163.26",,For ATM Withdrawal
131,10-Dec-25,Zesti-I (Maybank),"TNG-EWALLET ECOM 3*-KUALA LUMPUR,",TnG Reload,,,-MYR 50.00,"-MYR 1,213.26",,Fund Tabung
132,10-Dec-25,Zesti-I (Maybank),AUTO-DEDUCTION GOAL Spare Change *00000001,Tabung,,,-MYR 0.83,"-MYR 1,214.09",,Food in Subang
133,10-Dec-25,Zesti-I (Maybank),"GKS*STUFFD *WP KUALA LUMP,",Stuff'd,,,-MYR 19.60,"-MYR 1,233.69",,Case for new iPhone 13
134,10-Dec-25,Zesti-I (Maybank),"GADGET C STORE BRAN*SELANGOR, MY",Gadget C Store,,,-MYR 30.00,"-MYR 1,263.69",,Car service
135,9-Dec-25,Zesti-I (Maybank),"PERODUA *CYBERJAYA, MY",Perodua Service Center,,,-MYR 425.90,"-MYR 1,689.59",,Grab from Perodua to Uni
136,9-Dec-25,Zesti-I (Maybank),DUITNOW QR MUHAMMADLUTFIBINDAR*QR88120106,Grab,,,-MYR 7.00,"-MYR 1,696.59",,
137,9-Dec-25,Zesti-I (Maybank),DUITNOW QR HT TAPAH CATERER *QR70538052,Hajitappah,,,-MYR 1.80,"-MYR 1,698.39",,Ride to Perodua Center
138,9-Dec-25,Zesti-I (Maybank),DUITNOW QR YEECHIACHUN *QR87640484,Grab,,,-MYR 6.00,"-MYR 1,704.39",,Paying Tuition fees
139,9-Dec-25,Zesti-I (Maybank),01 MULTIMEDIA UNIVERSI*1221304179,MMU,,,"-MYR 5,244.30","-MYR 6,948.69",,Tuition Fees + Personal Allowance
140,9-Dec-25,Zesti-I (Maybank),MBB CT-Wise Payments Malay*TW1628637656 T,Yousif Elagib,,,"MYR 6,507.66",-MYR 441.03,,Petrol
141,8-Dec-25,Zesti-I (Maybank),"PSS PERSIARAN APEC *SEPANG, MY",Petronas,,,-MYR 50.00,-MYR 491.03,,Petrol
142,8-Dec-25,Zesti-I (Maybank),"PSS PERSIARAN APEC *SEPANG, MY",Petronas,,,MYR 50.00,-MYR 441.03,,Petrol
143,8-Dec-25,Zesti-I (Maybank),"PSS PERSIARAN APEC *SEPANG, MY",Petronas,,,-MYR 50.00,-MYR 491.03,,
144,8-Dec-25,Zesti-I (Maybank),2512081649353585 20251208M0000041861*Shopee MarketP,Shopee,,,-MYR 113.59,-MYR 604.62,,
145,8-Dec-25,Zesti-I (Maybank),730882977Q AMMARYAM ENTERPRISE*MBBQR111112826,Royal Tandoori,,,-MYR 2.50,-MYR 607.12,,
146,8-Dec-25,Zesti-I (Maybank),729053840Q AMMARYAM ENTERPRISE*MBBQR111112826,Royal Tandoori,,,-MYR 7.50,-MYR 614.62,,
147,8-Dec-25,Zesti-I (Maybank),DUITNOW QR HTTAPAHCATERER *QR85797508,Hajitappah,,,-MYR 4.80,-MYR 619.42,,IOI Parking
148,7-Dec-25,Zesti-I (Maybank),"PANAXIS-IOI CITY MA*KUALA LUMPUR,",Panaxis,,,-MYR 9.00,-MYR 628.42,,iPhone 13
149,7-Dec-25,Zesti-I (Maybank),2512072010290479 T068214651125 *IPAY88 (M) SDN,Machines,,,"-MYR 1,899.00","-MYR 2,527.42",,Tabung withdraw
150,7-Dec-25,Zesti-I (Maybank),WTDRW Savings MUSTAFA YOUSIF ELAG*00000001,Tabung,,,"MYR 2,000.00",-MYR 527.42,,Date with Alaa
151,7-Dec-25,Zesti-I (Maybank),"CBTL-IOI *PUTRAJAYA, MY",Coffee Bean & Tea leaf,,,-MYR 27.80,-MYR 555.22,,Date with Alaa
152,7-Dec-25,Zesti-I (Maybank),MBB CT MUSTAFA YOUSIF ELAG*coffee,?,,,-MYR 4.30,-MYR 559.52,,Date with Alaa
153,7-Dec-25,Zesti-I (Maybank),636106344Q MBBQR1713454 *11112822541709,?,,,-MYR 18.00,-MYR 577.52,,
154,7-Dec-25,Zesti-I (Maybank),MBB CT-MUSTAFA YOUSIF ELAG*Fund Transfer,TnG Transfer,,,MYR 93.40,-MYR 484.12,,
155,22-Dec-25,Zesti-I (Maybank),805667692Q AMMARYAM ENTERPRISE*MBBQR111112870,Royal Tandoori,,,-MYR 11.00,-MYR 495.12,,Academic Transcript Fee
156,22-Dec-25,Zesti-I (Maybank),2512221556070653 T072124765625 *UNIVERSITI TEL,MMU,,,-MYR 10.60,-MYR 505.72,,Petrol
157,22-Dec-25,Zesti-I (Maybank),"PSS PERSIARAN APEC *SEPANG, MYS",Petronas,,,-MYR 55.00,-MYR 560.72,,Petrol
158,22-Dec-25,Zesti-I (Maybank),"PSS PERSIARAN APEC ""SEPANG, MYS",Petronas,,,MYR 55.00,-MYR 505.72,,Petrol
159,22-Dec-25,Zesti-I (Maybank),"PSS PERSIARAN APEC *SEPANG, MYS",Petronas,,,-MYR 55.00,-MYR 560.72,,
160,23-Dec-25,Zesti-I (Maybank),910662677Q AMMARYAM ENTERPRISE*MBBQR111112874,Royal Tandoori,,,-MYR 7.00,-MYR 567.72,,
161,23-Dec-25,Zesti-I (Maybank),911750141Q AMMARYAM ENTERPRISE*MBBQR111112874,Royal Tandoori,,,-MYR 2.50,-MYR 570.22,,
162,23-Dec-25,Zesti-I (Maybank),DUITNOW QR HT TAPAH CATERER *QR74564436,Hajitappah,,,-MYR 4.80,-MYR 575.02,,Tabung Booster
163,24-Dec-25,Zesti-I (Maybank),BOOSTER Bambu A1 MUSTAFA YOUSIF ELAG*00000001,Tabung,,,-MYR 0.50,-MYR 575.52,,Tabung Booster
164,24-Dec-25,Zesti-I (Maybank),BOOSTER Bambu A1 MUSTAFA YOUSIF ELAG*00000001,Tabung,,,-MYR 0.20,-MYR 575.72,,
165,24-Dec-25,Zesti-I (Maybank),AMANINA BINTI JAFFA*Hammock salary,Hammock Robotics,Salary,,"MYR 2,500.00","MYR 1,924.28",,
166,24 Dec 2025,Zesti-I (Maybank),Funds IATIMAD IBRAHIM MOH*Loan,Iatimad Ali,Loan,,MYR 715.00,"MYR 2,639.28",,
167,24 Dec 2025,Zesti-I (Maybank),"SMITH3D *KUALA LUMPUR,",Smith3D,Equipment,,"-MYR 1,299.00","MYR 1,340.28",,
168,24 Dec 2025,Zesti-I (Maybank),DUITNOW IATIMAD IBRAHIM MOH*Loan payment,Iatimad Ali,Loan,,"-MYR 1,325.00",MYR 15.28,,
169,24 Dec 2025,Zesti-I (Maybank),FUND Airpods MUSTAFA YOUSIF ELAG*00000001,Tabung,Savings,,-MYR 600.00,-MYR 584.72,,
170,26-Dec-25,Zesti-I (Maybank),144052052Q AMMARYAM ENTERPRISE*MBBQR111112882,Royal Tandoori,Food,,-MYR 10.50,-MYR 595.22,,
171,26 Dec 2025,Zesti-I (Maybank),DUITNOW QR HTTAPAHCATERER *QR84762444,Hajitappah,Food,,-MYR 4.00,-MYR 599.22,,
172,26 Dec 2025,Zesti-I (Maybank),DUITNOW QR HTTAPAHCATERER *QR72225407,Hajitappah,Food,,-MYR 1.80,-MYR 601.02,,
173,27 Dec 2025,Zesti-I (Maybank),BOOSTER Bambu A1 MUSTAFA YOUSIF ELAG*00000001,Tabung,Savings,,-MYR 0.50,-MYR 601.52,,
174,27 Dec 2025,Zesti-I (Maybank),BOOSTER Bambu A1 MUSTAFA YOUSIF ELAG*00000001,Tabung,Savings,,-MYR 0.20,-MYR 601.72,,
175,27 Dec 2025,Zesti-I (Maybank),2512271245373138 20251227M0000041861*Shopee MarketP,Shopee,Shopping,,-MYR 16.27,-MYR 617.99,,
176,27-Dec-25,Zesti-I (Maybank),"CBTL-NADI PRESINT 1*PUTRAJAYA, MYS",Coffee Bean & Tea leaf,Food,,-MYR 15.80,-MYR 633.79,,
177,28-Dec-25,Zesti-I (Maybank),CLOSE Bambu A1 MUSTAFA YOUSIF ELAG*00000001,Tabung,Savings,,MYR 1.40,-MYR 632.39,,
178,28 Dec 2025,Zesti-I (Maybank),WTDRW Airpods MUSTAFA YOUSIF ELAG*00000001,Tabung,Savings,,MYR 100.00,-MYR 532.39,,
179,28-Dec-25,Zesti-I (Maybank),"KENANGAN COFFEE-PUT*PUTRAJAYA, MYS",Kenangan Coffee,Food,,-MYR 18.80,-MYR 551.19,,
180,28 Dec 2025,Zesti-I (Maybank),DUITNOW QR EXPRESSMART(PUTRAJA*QR00903484,Expressmart,Food,,-MYR 5.00,-MYR 556.19,,
181,29-Dec-25,Zesti-I (Maybank),DUITNOW QR HTTAPAHCATERER *QR80308703,Hajitappah,Food,,-MYR 5.50,-MYR 561.69,,
182,30 Dec 2025,Zesti-I (Maybank),WTDRW Airpods MUSTAFA YOUSIF ELAG*00000001,Tabung,Savings,,MYR 15.00,-MYR 546.69,,
183,30-Dec-25,Zesti-I (Maybank),459476803Q AMMARYAM ENTERPRISE*MBBQR111112894,Royal Tandoori,Food,,-MYR 12.00,-MYR 558.69,Yousif Elagib,
184,30 Dec 2025,Zesti-I (Maybank),WTDRW Airpods MUSTAFA YOUSIF ELAG*00000001,Tabung,Savings,,MYR 50.00,-MYR 508.69,,
185,30 Dec 2025,Zesti-I (Maybank),2512301252573590 20251230M0000041861*Shopee MarketP,Shopee,Shopping,,-MYR 11.85,-MYR 520.54,,
186,30-Dec-25,Zesti-I (Maybank),2512301258063869 20251230M0000041861*Shopee MarketP,Shopee,Shopping,,-MYR 27.47,-MYR 548.01,,
187,30 Dec 2025,Zesti-I (Maybank),WTDRW Airpods MUSTAFA YOUSIF ELAG*00000001,Tabung,Savings,,MYR 100.00,-MYR 448.01,,
188,30 Dec 2025,Zesti-I (Maybank),251230130957366020251230M0000041861*Shopee MarketP,Shopee,Shopping,,-MYR 43.60,-MYR 491.61,,
189,30-Dec-25,Zesti-I (Maybank),251230131442380420251230M0000041861*Shopee MarketP,Shopee,Shopping,,-MYR 19.54,-MYR 511.15,,
190,30 Dec 2025,Zesti-I (Maybank),WTDRW Airpods MUSTAFA YOUSIF ELAG*00000001,Tabung,Savings,,MYR 15.00,-MYR 496.15,,
191,30-Dec-25,Zesti-I (Maybank),459476803Q AMMARYAM ENTERPRISE*MBBQR111112894,UniKL Cafeteria,Food,,-MYR 12.00,-MYR 508.15,,
192,30 Dec 2025,Zesti-I (Maybank),WTDRW Airpods MUSTAFA YOUSIF ELAG*00000001,Tabung,Savings,,MYR 50.00,-MYR 458.15,,
193,30 Dec 2025,Zesti-I (Maybank),2512301252573590 20251230M0000041861*Shopee MarketP,Shopee,Shopping,,-MYR 11.85,-MYR 470.00,,
194,30-Dec-25,Zesti-I (Maybank),2512301258063869 20251230M0000041861*Shopee MarketP,Shopee,Shopping,,-MYR 27.47,-MYR 497.47,,
195,30 Dec 2025,Zesti-I (Maybank),WTDRW Airpods MUSTAFA YOUSIF ELAG*00000001,Tabung,Savings,,MYR 100.00,-MYR 397.47,,
196,30-Dec-25,Zesti-I (Maybank),2512301309573660 20251230M0000041861*Shopee MarketP,Shopee,Shopping,,-MYR 43.60,-MYR 441.07,,
197,30 Dec 2025,Zesti-I (Maybank),2512301314423804 20251230M0000041861*Shopee MarketP,Shopee,Shopping,,-MYR 19.54,-MYR 460.61,,
198,30-Dec-25,Zesti-I (Maybank),DUITNOW QR HTTAPAHCATERER *QR70426356,Hajitappah,Food,,-MYR 4.30,-MYR 464.91,,
199,30 Dec 2025,Zesti-I (Maybank),MBB CT- Wise Payments Malay*TW1660310669 T,Yousif Elagib,Allowance,,"MYR 2,017.66","MYR 1,552.75",,
200,30 Dec 2025,Zesti-I (Maybank),FUND Savings MUSTAFA YOUSIF ELAG*00000001,Tabung,Savings,,-MYR 621.90,MYR 930.85,,
201,30 Dec 2025,Zesti-I (Maybank),FUND Savings MUSTAFA YOUSIF ELAG*00000001,Tabung,Savings,,-MYR 325.00,MYR 605.85,,
202,30 Dec 2025,Zesti-I (Maybank),FUND Airpods MUSTAFA YOUSIF ELAG*00000001,Tabung,Savings,,-MYR 521.00,MYR 84.85,,
203,30-Dec-25,Zesti-I (Maybank),"PSS PERSIARAN APEC *SEPANG, MYS",Petronas,Petrol,,-MYR 200.00,-MYR 115.15,,
204,30 Dec 2025,Zesti-I (Maybank),"PSS PERSIARAN APEC *SEPANG, MYS",Petronas,Petrol,,MYR 200.00,MYR 84.85,,
205,30-Dec-25,Zesti-I (Maybank),"PSS PERSIARAN APEC *SEPANG, MYS",Petronas,Petrol,,-MYR 51.12,MYR 33.73,,
206,31-Dec-25,Zesti-I (Maybank),DIVIDEND PAID,Maybank,Intrest,,MYR 0.02,MYR 33.75,,
207,31-Dec-25,Zesti-I (Maybank),MAEOR AMAN NIAGA ENTERPRI*5329593790,UniKL Cafeteria,Food,,-MYR 4.50,MYR 29.25,,
208,31 Dec 2025,Zesti-I (Maybank),MAE OR AMAN NIAGA ENTERPRI*5439524960,UniKL Cafeteria,Food,,-MYR 2.50,MYR 26.75,,
209,31-Dec-25,Zesti-I (Maybank),MAE QR AMAN NIAGA ENTERPRI*561531195Q,UniKL Cafeteria,Food,,-MYR 9.00,MYR 17.75,,
210,31 Dec 2025,Zesti-I (Maybank),WTDRW Savings MUSTAFA YOUSIF ELAG*00000001,Tabung,Savings,,MYR 947.73,MYR 965.48,,
211,31 Dec 2025,Zesti-I (Maybank),471756 EMGS ESCROW ACCOUNT*12535,EMGS,Visa Fees,,-MYR 549.00,MYR 416.48,,
212,31 Dec 2025,Zesti-I (Maybank),11 MULTIMEDIA UNIVERSI*1221304179,MMU,Visa Fees,,-MYR 72.90,MYR 343.58,,
213,31 Dec 2025,Zesti-I (Maybank),01 MULTIMEDIA UNIVERSI*1221304179,MMU,Tuition Fees,,-MYR 311.15,MYR 32.43,,
214,31-Dec-25,Zesti-I (Maybank),"PRE-AUTH MYDEBIT *PUBLIC BANK BERHAD *PUCHONG, MYS",Road Toll,Road Toll,,-MYR 2.10,MYR 30.33,,
215,31 Dec 2025,Zesti-I (Maybank),"REV PREAUTH MYDEBIT*PUBLIC BANK BERHAD *PUCHONG, MYS",Road Toll,Road Toll,,MYR 2.10,MYR 32.43,,
216,31-Dec-25,Zesti-I (Maybank),"PUBLIC BANK BERHAD PUCHONG, MYS",Road Toll,Road Toll,,-MYR 2.10,MYR 30.33,,
217,31-Dec-25,Zesti-I (Maybank),MBB CT- Wise Payments Malay*TW1662327227 T,Hammock Robotics,Car Servicing,[Waived],MYR 423.56,MYR 453.89,Hammock Robotics,
218,31 Dec 2025,Zesti-I (Maybank),FUND Airpods MUSTAFA YOUSIF ELAG*00000001,Tabung,Savings,,-MYR 73.00,MYR 380.89,,
219,31 Dec 2025,Zesti-I (Maybank),FUND Airpods MUSTAFA YOUSIF ELAG*00000001,Tabung,Savings,,-MYR 1.00,MYR 379.89,,
220,31 Dec 2025,Zesti-I (Maybank),FUND Nvidia GPU MUSTAFA YOUSIF ELAG*00000001,Tabung,Savings,,-MYR 315.03,MYR 64.86,,
221,1 Jan 2026,Zesti-I (Maybank),"APPLE.COM/BILL *CORK, IRL",Apple,Cloud Subscription,,-MYR 3.90,MYR 60.96,,
222,1 Jan 2026,Zesti-I (Maybank),MBB CT MUSTAFA YOUSIF ELAG*TnG,Touch n' Go,,[Transfer],-MYR 20.00,MYR 40.96,,
223,1 Jan 2026,Zesti-I (Maybank),"MARRYBROWN - NEOCYB*CYBERJAYA, MYS",MarryBrown,Food,[Waived],-MYR 26.00,MYR 14.96,Yousif Elagib,
224,2 Jan 2026,Zesti-I (Maybank),MBB CT MUSTAFA YOUSIF ELAG*Magents,,,[Transfer],-MYR 4.39,MYR 10.57,,
225,2 Jan 2026,Zesti-I (Maybank),2601021600213677 20260102M0000041861*Shopee MarketP,Shopee,Shopping,,-MYR 19.89,-MYR 9.32,,
226,2-Jan-26,Zesti-I (Maybank),DUITNOW QR ALZAREIMHDADEL *QR88371696,Shopee,,,-MYR 22.00,-MYR 31.32,,
227,2 Jan 2026,Zesti-I (Maybank),CLOSE Airpods MUSTAFA YOUSIF ELAG*00000001,Tabung,Savings,,"MYR 1,000.00",MYR 968.68,,
228,2 Jan 2026,Zesti-I (Maybank),2601022208160347 T075328366326*IPAY88 (M) SDN,Machines,Gadgets,,-MYR 829.00,MYR 139.68,,
229,2 Jan 2026,Zesti-I (Maybank),FUND Nvidia GPU MUSTAFA YOUSIF ELAG*00000001,Tabung,Savings,,-MYR 170.00,-MYR 30.32,,
230,3 Jan 2026,Zesti-I (Maybank),DUITNOW QR HTTAPAHCATERER *QR77605472,Hajitappah,Food,[Waived],-MYR 5.80,-MYR 36.12,Yousif Elagib,
231,3 Jan 2026,Zesti-I (Maybank),DUITNOW QR HTTAPAHCATERER *QR80382279,Hajitappah,Food,[Waived],-MYR 1.80,-MYR 37.92,Yousif Elagib,
232,3 Jan 2026,Zesti-I (Maybank),DUITNOW QR HTTAPAHCATERER *QR80705824,Hajitappah,Food,[Waived],-MYR 7.00,-MYR 44.92,Yousif Elagib,
233,3 Jan 2026,Zesti-I (Maybank),DUITNOW QR HTTAPAHCATERER *QR70406121,Hajitappah,Food,[Waived],-MYR 2.30,-MYR 47.22,Yousif Elagib,
234,3 Jan 2026,Zesti-I (Maybank),868239354Q MBBQR2079688 *11112908708184,Royal Tandoori,Food,[Waived],-MYR 12.00,-MYR 59.22,Yousif Elagib,
235,3 Jan 2026,Zesti-I (Maybank),"ZUS COFFEE-PUTRAJAY*PUTRAJAYA, MYS",Zus Coffee,Food,[Waived],-MYR 11.20,-MYR 70.42,Yousif Elagib,
236,4-Jan-26,Zesti-I (Maybank),2601040714523494 20260104M0000041861*Shopee MarketP,Shopee,Shopping,,-MYR 16.90,-MYR 87.32,,
237,4-Jan-26,Zesti-I (Maybank),2601041014043516 20260104M0000041861*Shopee MarketP,Shopee,Shopping,,-MYR 54.00,-MYR 141.32,,
238,4 Jan 2026,Zesti-I (Maybank),DUITNOW QR MUHAMMADSYAFIKBINHA*QR72281204,Shopee,Shopping,,-MYR 20.36,-MYR 161.68,,
239,4 Jan 2026,Zesti-I (Maybank),DUITNOW QR EXPRESSMART(PUTRAJA*QR72420506,Expressmart,Food,[Waived],-MYR 4.80,-MYR 166.48,Iatimad Ali,
240,5 Jan 2026,Zesti-I (Maybank),DUITNOW QR HTTAPAHCATERER *QR83917143,Hajitappah,Food,[Waived],-MYR 5.80,-MYR 172.28,Yousif Elagib,
241,5 Jan 2026,Zesti-I (Maybank),989368757Q AMMARYAM ENTERPRISE*MBBQR111112913,Royal Tandoori,Food,[Waived],-MYR 2.50,-MYR 174.78,Yousif Elagib,
242,5 Jan 2026,Zesti-I (Maybank),014544342Q AMMARYAM ENTERPRISE*MBBQR111112914,Royal Tandoori,Food,[Waived],-MYR 8.00,-MYR 182.78,Yousif Elagib,
243,5 Jan 2026,Zesti-I (Maybank),"CPAY *PUTRAJAYA, MYS",,,,-MYR 17.80,-MYR 200.58,,
244,6 Jan 2026,Zesti-I (Maybank),093049771Q AMMARYAM ENTERPRISE*MBBQR111112917,Royal Tandoori,Food,[Waived],-MYR 14.00,-MYR 214.58,Yousif Elagib,
245,6 Jan 2026,Zesti-I (Maybank),DUITNOW QR MUHAMMADSYAFIKBINHA QR86680221,Shopee,Shopping,,-MYR 18.18,-MYR 232.76,,
246,6-Jan-26,Zesti-I (Maybank),DUITNOW QR HTTAPAHCATERER *QR86876104,Hajitappah,Food,[Waived],-MYR 4.30,-MYR 237.06,Yousif Elagib,
247,6 Jan 2026,Zesti-I (Maybank),"99 SPEEDMART-1996 *SELANGOR, MYS",99 SpeedMart,Groceries,[Waived],-MYR 29.90,-MYR 266.96,Iatimad Ali,
248,6 Jan 2026,Zesti-I (Maybank),2601062222483688 20260106M0000041861*Shopee MarketP,Shopee,Shopping,,-MYR 9.90,-MYR 276.86,,
249,7 Jan 2026,Zesti-I (Maybank),MAE QRAMAN NIAGA ENTERPRI*165267097Q,UniKL Cafeteria,Food,,-MYR 6.00,-MYR 282.86,,
250,7-Jan-26,Zesti-I (Maybank),"PSS SUBANG *SHAH ALAM, MYS",Petronas,Petrol,,-MYR 50.00,-MYR 332.86,,
251,7 Jan 2026,Zesti-I (Maybank),.*,Petronas,Petrol,,MYR 50.00,-MYR 282.86,,
252,7-Jan-26,Zesti-I (Maybank),"PSS SUBANG *SHAH ALAM, MYS",Petronas,Petrol,,-MYR 50.00,-MYR 332.86,,
253,7 Jan 2026,Zesti-I (Maybank),-*,Petronas,Petrol,,MYR 50.00,-MYR 282.86,,
254,7-Jan-26,Zesti-I (Maybank),"PSS SUBANG *SHAH ALAM, MYS",Petronas,Petrol,,-MYR 50.00,-MYR 332.86,,
255,7 Jan 2026,Zesti-I (Maybank),"PSS SUBANG *SHAH ALAM, MYS",Petronas,Petrol,,MYR 50.00,-MYR 282.86,,
256,7-Jan-26,Zesti-I (Maybank),"PSS SUBANG *SHAH ALAM, MYS",Petronas,Petrol,,-MYR 50.00,-MYR 332.86,,
257,9 Jan 2026,Zesti-I (Maybank),MAE QR AMAN NIAGA ENTERPRI*343396415Q,UniKL Cafeteria,Food,,-MYR 7.00,-MYR 339.86,,
258,9 Jan 2026,Zesti-I (Maybank),MAE QR AMAN NIAGA ENTERPRI*345306135Q,UniKL Cafeteria,Food,,-MYR 2.50,-MYR 342.36,,
259,9 Jan 2026,Zesti-I (Maybank),DUITNOW QR NORHANIZAM BINTI MO*QR84157938,,Food,,-MYR 2.00,-MYR 344.36,,
260,9-Jan-26,Zesti-I (Maybank),MAE QR MUHAMMAD ASIF JAVED*370670242Q,,Food,,-MYR 10.00,-MYR 354.36,,
261,10 Jan 2026,Zesti-I (Maybank),AUTO-DEDUCTION GOAL Spare Change *00000001,Tabung,Savings,[Transfer],-MYR 0.83,-MYR 355.19,,
262,11 Jan 2026,Zesti-I (Maybank),"CBTL-NADI PRESINT 1*PUTRAJAYA, MYS",Coffee Bean & Tea leaf,Food,[Waived],-MYR 31.70,-MYR 386.89,Yousif Elagib,
263,12 Jan 2026,Zesti-I (Maybank),DUITNOW QR HT TAPAH CATERER *QR72665363,Hajitappah,Food,[Waived],-MYR 5.80,-MYR 392.69,Yousif Elagib,
264,12 Jan 2026,Zesti-I (Maybank),597738345Q Notes Copy & Print *MBBQR111112938,Notes Copy & Print,Scan/Print service,[Waived],-MYR 13.50,-MYR 406.19,Yousif Elagib,
265,12 Jan 2026,Zesti-I (Maybank),598934213Q AMMARYAM ENTERPRISE*MBBQR111112938,Royal Tandoori,Food,[Waived],-MYR 10.00,-MYR 416.19,Yousif Elagib,
266,12-Jan-26,Zesti-I (Maybank),612871321Q AMMARYAM ENTERPRISE*MBBQR111112938,Royal Tandoori,Food,[Waived],-MYR 2.50,-MYR 418.69,Yousif Elagib,
267,12-Jan-26,Zesti-I (Maybank),"PSS CYBERJAYA *SELANGOR, MYS",Petronas,Petrol,,-MYR 50.00,-MYR 468.69,,
268,12 Jan 2026,Zesti-I (Maybank),"PSS CYBERJAYA *SELANGOR, MYS",Petronas,Petrol,,MYR 50.00,-MYR 418.69,,
269,12 Jan 2026,Zesti-I (Maybank),"PSS CYBERJAYA *SELANGOR, MYS",Petronas,Petrol,,-MYR 50.00,-MYR 468.69,,
270,12 Jan 2026,Zesti-I (Maybank),2601122027403409 20260112M0000041861*Shopee MarketP,Shopee,Shopping,,-MYR 11.80,-MYR 480.49,,
271,12-Jan-26,Zesti-I (Maybank),2601122029533526 20260112M0000041861*Shopee MarketP,Shopee,Shopping,,-MYR 11.80,-MYR 492.29,,
272,13 Jan 2026,Zesti-I (Maybank),MBB CT- Shopee MarketPlace *20260112M00000,Shopee,Shopping,,MYR 11.80,-MYR 480.49,,
273,13 Jan 2026,Zesti-I (Maybank),DUITNOW QR HTTAPAHCATERER *QR82733502,Hajitappah,Food,[Waived],-MYR 11.80,-MYR 492.29,Yousif Elagib,
274,13 Jan 2026,Zesti-I (Maybank),667706889Q AMMARYAM ENTERPRISE*MBBQR111112941,UniKL Cafeteria,Food,,-MYR 10.00,-MYR 502.29,,
275,13-Jan-26,Zesti-I (Maybank),"A & C GROCERY *CYBERJAYA, MYS",A & C Grocery,Food,[Waived],-MYR 7.10,-MYR 509.39,Yousif Elagib,
276,13-Jan-26,Zesti-I (Maybank),WTDRW Nvidia GPU MUSTAFA YOUSIF ELAG*00000001,Tabung,Savings,[Transfer],MYR 20.00,-MYR 489.39,,
277,13-Jan-26,Zesti-I (Maybank),689578894Q MBBQR1713454 *11112942074608,,,,-MYR 20.00,-MYR 509.39,,
278,14 Jan 2026,Zesti-I (Maybank),WTDRW Nvidia GPU MUSTAFA YOUSIF ELAG*00000001,Tabung,Savings,[Transfer],MYR 300.00,-MYR 209.39,,
279,14 Jan 2026,Zesti-I (Maybank),MBB CT MUSTAFA YOUSIF ELAG*TnG,Touch n' Go,,[Transfer],-MYR 5.77,-MYR 215.16,,
280,14 Jan 2026,Zesti-I (Maybank),MAE QR AMAN NIAGA ENTERPRI*724114479Q,UniKL Cafeteria,Food,,-MYR 3.50,-MYR 218.66,,
281,14 Jan 2026,Zesti-I (Maybank),MAE QR AMAN NIAGA ENTERPRI*733632699Q,UniKL Cafeteria,Food,,-MYR 2.50,-MYR 221.16,,
282,14 Jan 2026,Zesti-I (Maybank),MAE QR MUHAMMAD DANISH BIN*738759462Q,Danish Azhar,Food,,-MYR 20.00,-MYR 241.16,,
283,14 Jan 2026,Zesti-I (Maybank),2601141825473833 20260114M0000041861*Shopee MarketP,Shopee,Shopping,,-MYR 34.99,-MYR 276.15,,
284,15 Jan 2026,Zesti-I (Maybank),MBB CT MUSTAFA YOUSIF ELAG*Tng,Touch n' Go,,[Transfer],-MYR 20.00,-MYR 296.15,,
285,15 Jan 2026,Zesti-I (Maybank),MAE QR AMAN NIAGA ENTERPRI*801573100Q,UniKL Cafeteria,Food,,-MYR 3.50,-MYR 299.65,,
286,15-Jan-26,Zesti-I (Maybank),MAE QR AMAN NIAGA ENTERPRI*818886612Q,UniKL Cafeteria,Food,,-MYR 2.50,-MYR 302.15,,
287,15 Jan 2026,Zesti-I (Maybank),DUITNOW QR EXPRESSMART(PUTRAJA QR72006275,Expressmart,Food,[Waived],-MYR 3.90,-MYR 306.05,Iatimad Ali,
288,16 Jan 2026,Zesti-I (Maybank),MAE QR AMAN NIAGA ENTERPRI*879912168Q,UniKL Cafeteria,Food,,-MYR 7.50,-MYR 313.55,,
289,16 Jan 2026,Zesti-I (Maybank),MAE QR AMAN NIAGA ENTERPRI*882135257Q,UniKL Cafeteria,Food,,-MYR 2.50,-MYR 316.05,,
290,16 Jan 2026,Zesti-I (Maybank),DUITNOW QR RABIATULSYAQILABINT*QR80370413,,,,-MYR 10.00,-MYR 326.05,,
291,16 Jan 2026,Zesti-I (Maybank),MAE QR ABDUL FARID BIN GHA*904701825Q,,,,-MYR 9.00,-MYR 335.05,,
292,16 Jan 2026,Zesti-I (Maybank),DUITNOW QR HTTAPAHCATERER *QR73917342,Hajitappah,Food,[Waived],-MYR 4.50,-MYR 339.55,Yousif Elagib,
293,16 Jan 2026,Zesti-I (Maybank),DUITNOW QR HTTAPAHCATERER *QR80828932,Hajitappah,Food,[Waived],-MYR 1.30,-MYR 340.85,Yousif Elagib,
294,16-Jan-26,Zesti-I (Maybank),"PSS PERSIARAN APEC *SEPANG, MYS",Petronas,Petrol,,-MYR 60.00,-MYR 400.85,,
295,16 Jan 2026,Zesti-I (Maybank),"PSS PERSIARAN APEC *SEPANG, MYS",Petronas,Petrol,,MYR 60.00,-MYR 340.85,,
296,16-Jan-26,Zesti-I (Maybank),"PSS PERSIARAN APEC *SEPANG, MYS",Petronas,Petrol,,-MYR 60.00,-MYR 400.85,,
297,18 Jan 2026,Zesti-I (Maybank),"CBTL-NADI PRESINT 1*PUTRAJAYA, MYS",Coffee Bean & Tea leaf,Food,[Waived],-MYR 14.30,-MYR 415.15,Yousif Elagib,
298,18 Jan 2026,Zesti-I (Maybank),"99 SPEEDMART-1996 *SELANGOR, MYS",99 SpeedMart,Groceries,[Waived],-MYR 14.95,-MYR 430.10,Iatimad Ali,
299,18 Jan 2026,Zesti-I (Maybank),DUITNOW QR EXPRESSMART(PUTRAJA* QR70469071,Expressmart,Food,[Waived],-MYR 3.50,-MYR 433.60,Iatimad Ali,
300,19 Jan 2026,Zesti-I (Maybank),135688490Q MBBQR2185085*11112961818199,,,,-MYR 3.00,-MYR 436.60,,
301,19 Jan 2026,Zesti-I (Maybank),"7-ELEVEN MALAYSIA S*Persiaran Bes,",7 Eleven,Food,,-MYR 4.90,-MYR 441.50,,
302,19 Jan 2026,Zesti-I (Maybank),DUITNOW QR ALTHAHERAMARHH *QR86725721,,Sadaqa,,-MYR 50.00,-MYR 491.50,,
303,19 Jan 2026,Zesti-I (Maybank),MBB CT MUSTAFA YOUSIF ELAG*Latte,Luckin,Food,,-MYR 5.00,-MYR 496.50,,
304,20 Jan 2026,Zesti-I (Maybank),MBB CT MUSTAFA YOUSIF ELAG*Coffee,Luckin,Food,,-MYR 5.00,-MYR 501.50,,
305,20-Jan-26,Zesti-I (Maybank),190667030Q AMMARYAM ENTERPRISE*MBBQR111112963,UniKL Cafeteria,Food,,-MYR 12.00,-MYR 513.50,,
306,21-Jan-26,Zesti-I (Maybank),WTDRW Nvidia GPU MUSTAFA YOUSIF ELAG*00000001,Tabung,Savings,[Transfer],MYR 150.00,-MYR 363.50,,
307,22 Jan 2026,Zesti-I (Maybank),MBB CT MUSTAFA YOUSIF ELAG*Tng,Touch n' Go,,[Transfer],-MYR 30.00,-MYR 393.50,,
308,22 Jan 2026,Zesti-I (Maybank),MAE QR AMAN NIAGA ENTERPRI*357690188Q,UniKL Cafeteria,Food,,-MYR 2.00,-MYR 395.50,,
309,22 Jan 2026,Zesti-I (Maybank),MAE QR AMAN NIAGA ENTERPRI*372722718Q,UniKL Cafeteria,Food,,-MYR 9.00,-MYR 404.50,,
310,22 Jan 2026,Zesti-I (Maybank),DUITNOW QR SHAWAACYBERJAYA *QR70440616,Paragon Shawaa,Food,,-MYR 12.00,-MYR 416.50,,
311,24-Jan-26,Zesti-I (Maybank),"PSS PERSIARAN APEC *SEPANG, MYS",Petronas,Petrol,,-MYR 60.00,-MYR 476.50,,
312,24 Jan 2026,Zesti-I (Maybank),"PSS PERSIARAN APEC *SEPANG, MYS",Petronas,Petrol,,MYR 60.00,-MYR 416.50,,
313,24 Jan 2026,Zesti-I (Maybank),"PSS PERSIARAN APEC *SEPANG, MYS",Petronas,Petrol,,-MYR 60.00,-MYR 476.50,,
314,24-Jan-26,Zesti-I (Maybank),"10 GRAM-PTRAJAYA AY*PUTRAJAYA, MYS",10 Gram,Food,,-MYR 37.95,-MYR 514.45,,
315,25-Jan-26,Zesti-I (Maybank),CLOSE Savings MUSTAFA YOUSIF ELAG*00000001,Tabung,Savings,,MYR 0.91,-MYR 513.54,,
316,25-Jan-26,Zesti-I (Maybank),MBB CT- IATIMAD IBRAHIM MOH*Funds transfer,Iatimad Ali,Loan,[Waived],MYR 560.00,MYR 46.46,Iatimad Ali,
317,25 Jan 2026,Zesti-I (Maybank),MBB CT- MUSTAFA YOUSIF ELAG*Fund Transfer,,,[Transfer],MYR 239.30,MYR 285.76,,Requested by Yousif Elagib
318,25 Jan 2026,Zesti-I (Maybank),DUITNOW QR ALZAGHALOBADAAHMEDH*QR82062575,Obada,,[Waived],-MYR 560.00,-MYR 274.24,Iatimad Ali,
319,26-Jan-26,Zesti-I (Maybank),DUITNOW QR HTTAPAHCATERER *QR82372503,Hajitappah,Food,[Waived],-MYR 3.30,-MYR 277.54,Yousif Elagib,
320,26 Jan 2026,Zesti-I (Maybank),SALARY JAN 26 HAMMOCK ROBOTICS SD Interbank GIRO,Hammock Robotics,Salary,,"MYR 3,488.30","MYR 3,210.76",,
321,26 Jan 2026,Zesti-I (Maybank),723499895Q AMMARYAM ENTERPRISE*MBBQR111112984,UniKL Cafeteria,Food,,-MYR 9.00,"MYR 3,201.76",,
322,26 Jan 2026,Zesti-I (Maybank),FUND Macbook Pro MUSTAFA YOUSIF ELAG*00000001,Tabung,Savings,[Transfer],"-MYR 3,500.00",-MYR 298.24,,
323,26 Jan 2026,Zesti-I (Maybank),724848806Q AMMARYAM ENTERPRISE*MBBQR111112984,UniKL Cafeteria,Food,,-MYR 5.00,-MYR 303.24,,
324,26 Jan 2026,Zesti-I (Maybank),729160200Q Notes Copy & Print *MBBQR111112985,Notes Copy & Print,Stationary,,-MYR 6.90,-MYR 310.14,,
325,26 Jan 2026,Zesti-I (Maybank),"CBTL-SDC *CYBERJAYA, MYS",Coffee Bean & Tea leaf,Food,[Waived],-MYR 26.90,-MYR 337.04,Yousif Elagib,
326,27-Jan-26,Zesti-I (Maybank),793023413Q AMMARYAM ENTERPRISE*MBBQR111112987,UniKL Cafeteria,Food,,-MYR 11.50,-MYR 348.54,,
327,27 Jan 2026,Zesti-I (Maybank),2601271752373995 20260127M0000041861*Shopee MarketP,Shopee,Shopping,,-MYR 10.46,-MYR 359.00,,
328,28 Jan 2026,Zesti-I (Maybank),"ZUS COFFEE *SHAH ALAM, MYS",Zus Coffee,Food,,-MYR 30.00,-MYR 389.00,,
329,29 Jan 2026,Zesti-I (Maybank),"ZUS COFFEE *SHAH ALAM, MYS",Zus Coffee,Food,,-MYR 10.00,-MYR 399.00,,
330,29 Jan 2026,Zesti-I (Maybank),DUITNOW MUHAMMAD DANISH BIN*Zus,Danish Azhar,Food,,-MYR 13.90,-MYR 412.90,,
331,29-Jan-26,Zesti-I (Maybank),"PRE-AUTH MYDEBIT *PUBLIC BANK BERHAD *SUBANG JAYA, M",Road Toll,Road Toll,,-MYR 2.00,-MYR 414.90,,
332,29 Jan 2026,Zesti-I (Maybank),"REV PREAUTH MYDEBIT*PUBLIC BANK BERHAD *SUBANG JAYA, M",Road Toll,Road Toll,,MYR 2.00,-MYR 412.90,,
333,29 Jan 2026,Zesti-I (Maybank),"PUBLIC BANK BERHAD *SUBANG JAYA, M",Road Toll,Road Toll,,-MYR 2.00,-MYR 414.90,,
334,29 Jan 2026,Zesti-I (Maybank),MBB CT MUSTAFA YOUSIF ELAG*Tng,Touch n' Go,,[Transfer],-MYR 20.00,-MYR 434.90,,
335,30 Jan 2026,Zesti-I (Maybank),2601301801510315 T084319322526 *HOTLINK TOP UP,Hotlink,Internet Plan,[Waived],-MYR 40.00,-MYR 474.90,Yousif Elagib,
336,30-Jan-26,Zesti-I (Maybank),119189684Q MBBQR1973479*11112999926509,,,,-MYR 5.00,-MYR 479.90,,
337,30-Jan-26,Zesti-I (Maybank),"PSS RNR KINRARA *W.PERSEKUT, MY",Petronas,Petrol,,-MYR 35.00,-MYR 514.90,,
338,30 Jan 2026,Zesti-I (Maybank),"PSS RNR KINRARA *W.PERSEKUT, MY",Petronas,Petrol,,MYR 35.00,-MYR 479.90,,
339,30-Jan-26,Zesti-I (Maybank),"PSS RNR KINRARA *W.PERSEKUT, MY",Petronas,Petrol,,-MYR 35.00,-MYR 514.90,,
340,31-Jan-26,Zesti-I (Maybank),DIVIDEND PAID,Maybank,Interest,,MYR 0.01,-MYR 514.89,,
341,2 Feb 2026,Zesti-I (Maybank),WTDRW Macbook Pro MUSTAFA YOUSIF ELAG*00000001,Tabung,Savings,,MYR 10.00,-MYR 504.89,,
342,2-Feb-26,Zesti-I (Maybank),"CBTL-SDC *CYBERJAYA, MYS",Coffee Bean & Tea leaf,Food,,-MYR 9.90,-MYR 514.79,,
343,2 Feb 2026,Zesti-I (Maybank),WTDRW Macbook Pro MUSTAFA YOUSIF ELAG*00000001,Tabung,Savings,,MYR 50.00,-MYR 464.79,,
344,2 Feb 2026,Zesti-I (Maybank),406539703Q MBBQR2467483*11113010939089,,Food,[Waived],-MYR 19.00,-MYR 483.79,Yousif Elagib,
345,3 Feb 2026,Zesti-I (Maybank),432790841Q AMMARYAM ENTERPRISE*MBBQR111113011,Royal Tandoori,Food,[Waived],-MYR 2.50,-MYR 486.29,Yousif Elagib,
346,3-Feb-26,Zesti-I (Maybank),432823255Q AMMARYAM ENTERPRISE*MBBQR111113011,Royal Tandoori,Food,[Waived],-MYR 2.50,-MYR 488.79,Yousif Elagib,
347,3 Feb 2026,Zesti-I (Maybank),441979131Q AMMARYAM ENTERPRISE*MBBQR111113012,Royal Tandoori,Food,[Waived],-MYR 2.50,-MYR 491.29,Yousif Elagib,
348,3 Feb 2026,Zesti-I (Maybank),442177629Q AMMARYAM ENTERPRISE*MBBQR111113012,Royal Tandoori,Food,[Waived],-MYR 9.00,-MYR 500.29,Yousif Elagib,
349,3-Feb-26,Zesti-I (Maybank),461086031Q AMMARYAM ENTERPRISE*MBBQR111113012,Royal Tandoori,Food,[Waived],-MYR 2.50,-MYR 502.79,Yousif Elagib,
350,3 Feb 2026,Zesti-I (Maybank),WTDRW Macbook Pro MUSTAFA YOUSIF ELAG*00000001,Tabung,Savings,,MYR 440.00,-MYR 62.79,,
351,3 Feb 2026,Zesti-I (Maybank),"AEON BIG-PUTRAJAYA *PUTRAJAYA, MYS",Aeon Big,Shopping,[Waived],-MYR 77.70,-MYR 140.49,Iatimad Ali,
352,3 Feb 2026,Zesti-I (Maybank),DUITNOW QR EXPRESSMART(PUTRAJA*QR83512632,Expressmart,Food,[Waived],-MYR 11.80,-MYR 152.29,Iatimad Ali,
353,4 Feb 2026,Zesti-I (Maybank),MAE QR AMAN NIAGA ENTERPRI*513790557Q,UniKL Cafeteria,Food,,-MYR 3.50,-MYR 155.79,,
354,4 Feb 2026,Zesti-I (Maybank),MAE QR AMAN NIAGA ENTERPRI*529526517Q,UniKL Cafeteria,Food,,-MYR 2.50,-MYR 158.29,,
355,4 Feb 2026,Zesti-I (Maybank),"ZUS COFFEE *SHAH ALAM, MYS",Zus Coffee,Food,,-MYR 10.00,-MYR 168.29,,
356,4-Feb-26,Zesti-I (Maybank),"CPAY *New Pantai Ex,",Road Toll,Road Toll,,-MYR 2.30,-MYR 170.59,,
357,4 Feb 2026,Zesti-I (Maybank),"TNG-EWALLET ECOM-EC*KUALA LUMPUR,",Touch n' Go,Road Toll,,-MYR 1.00,-MYR 171.59,,
358,4 Feb 2026,Zesti-I (Maybank),"TNG-EWALLET ECOM 2*KUALA LUMPUR,",Touch n' Go,Road Toll,,-MYR 20.00,-MYR 191.59,,
359,4 Feb 2026,Zesti-I (Maybank),"TNG-EWALLET ECOM 3-*KUALA LUMPUR,",Touch n' Go,Road Toll,,-MYR 20.00,-MYR 211.59,,
360,4-Feb-26,Zesti-I (Maybank),"PETRON BESRAYA HIGH*KUALA LUMPUR,",Petron,Petrol,,-MYR 200.00,-MYR 411.59,,
361,4 Feb 2026,Zesti-I (Maybank),"PETRON BESRAYA HIGH KUALA LUMPUR,",Petron,Petrol,,MYR 200.00,-MYR 211.59,,
362,4 Feb 2026,Zesti-I (Maybank),"PETRON BESRAYA HIGH KUALA LUMPUR,",Petron,Petrol,,-MYR 60.05,-MYR 271.64,,
363,5 Feb 2026,Zesti-I (Maybank),"ZUS COFFEE *SHAH ALAM, MYS",Zus Coffee,Food,,-MYR 8.90,-MYR 280.54,,
364,6 Feb 2026,Zesti-I (Maybank),MAE QR AMAN NIAGA ENTERPRI*699353912Q,UniKL Cafeteria,Food,,-MYR 3.50,-MYR 284.04,,
365,6 Feb 2026,Zesti-I (Maybank),MAE QR AMAN NIAGA ENTERPRI*714836951Q,UniKL Cafeteria,Food,,-MYR 2.00,-MYR 286.04,,
366,6-Feb-26,Zesti-I (Maybank),"ZUS COFFEE-ARA DAMA*PETALING JAYA,",Zus Coffee,Food,,-MYR 13.50,-MYR 299.54,,
367,7 Feb 2026,Zesti-I (Maybank),"TNG-EWALLET ECOM 2-*KUALA LUMPUR,",Touch n' Go,Food,,-MYR 3.17,-MYR 302.71,,
368,7 Feb 2026,Zesti-I (Maybank),2602071814523509 20260207M0000041861*Shopee MarketP,Shopee,Shopping,,-MYR 107.30,-MYR 410.01,,
369,8 Feb 2026,Zesti-I (Maybank),"MYCBTL *KUALA LUMPUR,",Coffee Bean & Tea leaf,Food,[Waived],-MYR 8.00,-MYR 418.01,Yousif Elagib,
370,8 Feb 2026,Zesti-I (Maybank),895692387Q MBBQR2326049*11113030527721,,,,-MYR 12.75,-MYR 430.76,,
371,9 Feb 2026,Zesti-I (Maybank),2602091006240673 CFP260209F|22EGJAQ7*PENGURUSAN AIR,Pengurusan Air,Water Bill,[Waived],-MYR 21.45,-MYR 452.21,Iatimad Ali,
372,9 Feb 2026,Zesti-I (Maybank),"MYCBTL *KUALA LUMPUR,",Coffee Bean & Tea leaf,Food,[Waived],-MYR 14.80,-MYR 467.01,Yousif Elagib,
373,9 Feb 2026,Zesti-I (Maybank),"5158-C-PRESINT 15,P*PUTRAJAYA, MYS",CU,Food,[Waived],-MYR 8.00,-MYR 475.01,Yousif Elagib,
374,9-Feb-26,Zesti-I (Maybank),005932523Q MBBQR2325131*11113035298906,Salam noodles,Food,[Waived],-MYR 30.00,-MYR 505.01,Yousif Elagib,
375,9 Feb 2026,Zesti-I (Maybank),WTDRW Macbook Pro MUSTAFA YOUSIF ELAG*00000001,Tabung,Savings,[Transfer],MYR 200.00,-MYR 305.01,,
376,9-Feb-26,Zesti-I (Maybank),011753868Q MBBQR2326049*11113035530237,Makkah Mart,Groceries,[Waived],-MYR 42.45,-MYR 347.46,Iatimad Ali,
377,9-Feb-26,Zesti-I (Maybank),DUITNOW QR JUMAHMUSAEDHAYELSHA*QR70994317,Musaid Juma,Sadaqa,,-MYR 100.00,-MYR 447.46,,
378,10 Feb 2026,Zesti-I (Maybank),WTDRW Macbook Pro MUSTAFA YOUSIF ELAG*00000001,Tabung,Transfer,[Transfer],MYR 100.00,-MYR 347.46,,
379,10 Feb 2026,Zesti-I (Maybank),"USD20.68 JLCPCB.COM *SHATIN, HKG",JLCPCB,Manufacturing,,-MYR 83.23,-MYR 430.69,,Water bill paid for mum
380,10-Feb-26,Zesti-I (Maybank),DUITNOW QR HTTAPAHCATERER *QR80393762,Hajitappah,Food,[Waived],-MYR 4.00,-MYR 434.69,Yousif Elagib,Date with Alaa
381,11 Feb 2026,Zesti-I (Maybank),USD 20.68JLCPCB.COM *SHATIN,JLCPCB,Manufacturing,,MYR 83.23,-MYR 351.46,,Hotdog for iftar
382,11-Feb-26,Zesti-I (Maybank),USD 20.68JLCPCB.COM *SHATIN,JLCPCB,Manufacturing,,-MYR 82.25,-MYR 433.71,,Date with Alaa
383,11 Feb 2026,Zesti-I (Maybank),BL F.Countdown PromoPALI PALI TRADING S*2HPYWBUQHAMPVE,Bambu Labs,Rebate,,MYR 150.00,-MYR 283.71,,
384,11 Feb 2026,Zesti-I (Maybank),MAE QR AMAN NIAGA ENTERPRI*118634138Q,UniKL Cafeteria,Food,,-MYR 3.50,-MYR 287.21,,
385,11 Feb 2026,Zesti-I (Maybank),DUITNOW QR BUMI GEO KELANTAN E*QR73987418,Che Mat,Food,,-MYR 8.00,-MYR 295.21,,
386,11-Feb-26,Zesti-I (Maybank),"ZUS COFFEE *SHAH ALAM, MYS",Zus Coffee,Food,,-MYR 6.80,-MYR 302.01,,
387,12-Feb-26,Zesti-I (Maybank),"PSS SUBANG *SHAH ALAM, MYS",Petronas,Food,[Waived],-MYR 6.00,-MYR 308.01,Yousif Elagib,
388,12-Feb-26,Zesti-I (Maybank),"PSS NKVE (SUBANG TO*SELANGOR, MYS",Petronas,Car Fuel,[Waived],-MYR 60.00,-MYR 368.01,Yousif Elagib,
389,12-Feb-26,Zesti-I (Maybank),"PSS NKVE (SUBANG TO*SELANGOR, MYS",Petranas,Car Fuel,[Waived],MYR 60.00,-MYR 308.01,Yousif Elagib,
390,12-Feb-26,Zesti-I (Maybank),"PSS NKVE (SUBANG TO*SELANGOR, MYS",Petronas,Car Fuel,[Waived],-MYR 60.00,-MYR 368.01,Yousif Elagib,
391,12-Feb-26,Zesti-I (Maybank),"PSS NKVE (SUBANG TO*SELANGOR, MYS",Petronas,Food,[Waived],-MYR 6.40,-MYR 374.41,Yousif Elagib,
392,13-Feb-26,Zesti-I (Maybank),MAE QR AMAN NIAGA ENTERPRI*295271564Q,UniKL Cafeteria,Food,,-MYR 3.50,-MYR 377.91,,
393,13-Feb-26,Zesti-I (Maybank),MAE QR AMAN NIAGA ENTERPRI*327061640Q,UniKL Cafeteria,Food,,-MYR 4.00,-MYR 381.91,,
394,14-Feb-26,Zesti-I (Maybank),WTDRW Macbook Pro MUSTAFA YOUSIF ELAG*00000001,Tabung,Transfer,,MYR 560.00,MYR 178.09,,
395,14-Feb-26,Zesti-I (Maybank),DUITNOW IATIMAD IBRAHIM MOH*Money,,,[Waived],-MYR 560.00,-MYR 381.91,Yousif Elagib,
396,14-Feb-26,Zesti-I (Maybank),DUITNOW QR RABIDAHBANUBINTISAH*QR73905260,,,[Waived],-MYR 5.50,-MYR 387.41,Yousif Elagib,
397,15-Feb-26,Zesti-I (Maybank),WTDRW Macbook Pro MUSTAFA YOUSIF ELAG*00000001,Tabung,Transfer,,"MYR 1,011.55",MYR 624.14,,
398,15-Feb-26,Zesti-I (Maybank),DUITNOW IATIMAD IBRAHIM MOH*Loan payback,Iatimad,Loan,,"-MYR 1,011.55",-MYR 387.41,,
399,15-Feb-26,Zesti-I (Maybank),"ZUS COFFEE *SHAH ALAM, MYS",Zus Coffee,Food,[Waived],-MYR 21.10,-MYR 408.51,Yousif Elagib,Date with Alaa
400,15-Feb-26,Zesti-I (Maybank),"MYDIN BAZAR PUTRAJA*PUTRAJAYA, MYS",MyDin,Groceries,[Waived],-MYR 17.80,-MYR 426.31,Iatimad Ali,Milk for mum
401,15-Feb-26,Zesti-I (Maybank),"ECOSHOP - BPT 2 *PUTRAJAYA, MYS",EcoShop,Groceries,[Waived],-MYR 13.00,-MYR 439.31,Iatimad Ali,Coffee sachets
402,16-Feb-26,Zesti-I (Maybank),"PSS JALAN RHU AMPAN*KUALA LUMPUR,",Petronas,Food,[Waived],-MYR 7.60,-MYR 446.91,Yousif Elagib,
403,16-Feb-26,Zesti-I (Maybank),DUITNOW QR HAJI TAPAH BISTRO *QR77452900,Hajitappah,Food,[Waived],-MYR 2.00,-MYR 448.91,Yousif Elagib,
404,16-Feb-26,Zesti-I (Maybank),DUITNOW QR RABIDAHBANUBINTISAH* QR84826564,,,[Waived],-MYR 3.00,-MYR 451.91,Yousif Elagib,
405,17-Feb-26,Zesti-I (Maybank),DUITNOW QR EXPRESSMART(PUTRAJA*QR70774541,Express Mart,Food,[Waived],-MYR 6.00,-MYR 457.91,Yousif Elagib,
406,17-Feb-26,Zesti-I (Maybank),DUITNOW QR KEDAI GAMBAR & PERC*QR85525464,Kedai Gambar,Print services,[Waived],-MYR 35.00,-MYR 492.91,Yousif Elagib,Print passport photos
407,17-Feb-26,Zesti-I (Maybank),DUITNOW QR KEDAI GAMBAR & PERC*QR85542354,Kedai Gambar,Print services,[Waived],-MYR 2.00,-MYR 494.91,Yousif Elagib,Scan passport
408,17-Feb-26,Zesti-I (Maybank),MBB CT MUSTAFA YOUSIF ELAG*Tng,Touch n' Go,Road Toll,[Waived],-MYR 20.00,-MYR 514.91,Yousif Elagib,Road Toll
409,17-Feb-26,Zesti-I (Maybank),WTDRW Macbook Pro MUSTAFA YOUSIF ELAG*00000001,Tabung,Transfer,,MYR 200.00,-MYR 314.91,,
410,17-Feb-26,Zesti-I (Maybank),DUITNOW QR HTTAPAHCATERER *QR86011019,Hajitappah,Food,[Waived],-MYR 2.00,-MYR 316.91,Yousif Elagib,
411,17-Feb-26,Zesti-I (Maybank),"Element 14 Sdn Bhd *Kuala Lumpur,",Element 14,Electronics,,-MYR 51.63,-MYR 368.54,,ST-Link-v3 Minie
412,17-Feb-26,Zesti-I (Maybank),WTDRW Macbook Pro MUSTAFA YOUSIF ELAG*00000001,Tabung,Transfer,,MYR 900.00,MYR 531.46,,
413,17-Feb-26,Zesti-I (Maybank),2602172106243242 20260217M0000041861*Shopee MarketP,Shopee,Electronics,,-MYR 204.61,MYR 326.85,,DC Power Supply
414,18-Feb-26,Zesti-I (Maybank),MBB CT- Wise Payments Malay*TW1736801284 T,Mohammad Guedeichi,Gift,,MYR 297.66,MYR 624.51,,
415,18-Feb-26,Zesti-I (Maybank),DUITNOW ALAE NOR ELHOUDA GU*From your dad,Alaa Guedeichi,Gift,,-MYR 300.00,MYR 324.51,,
416,19-Feb-26,Zesti-I (Maybank),725312957Q MBBQR2467483 *11113065045115,Salam Noodles,Food,[Waived],-MYR 23.50,MYR 301.01,Yousif Elagib,
417,19-Feb-26,Zesti-I (Maybank),USD 0.43JLCPCB.COM *SHATIN,JLCPCB,Manufacturing,,MYR 1.68,MYR 302.69,,
418,19-Feb-26,Zesti-I (Maybank),2602191237403164 20260219M0000041861*Shopee MarketP,Shopee,Electronics,,-MYR 30.90,MYR 271.79,,
419,19-Feb-26,Zesti-I (Maybank),"PSS SUBANG *SHAH ALAM, MYS",Petronas,Car Fuel,,-MYR 60.00,MYR 211.79,,
420,19-Feb-26,Zesti-I (Maybank),"PSS SUBANG *SHAH ALAM, MYS",Petronas,Car Fuel,,MYR 60.00,MYR 271.79,,
421,19-Feb-26,Zesti-I (Maybank),"PSS SUBANG *SHAH ALAM, MYS",Petronas,Car Fuel,,-MYR 59.14,MYR 212.65,,
422,20-Feb-26,Zesti-I (Maybank),TNG-EWALLET ECOM-EC*KUALA LUMPUR,Touch n' Go,Transfer,,MYR 1.00,MYR 213.65,,
423,21-Feb-26,Zesti-I (Maybank),DUITNOW QR MUHAMMAD KHAIRUL GH*QR84404995,Muhammad Khairul,Transfer,,-MYR 8.00,MYR 205.65,,
424,21-Feb-26,Zesti-I (Maybank),909005897Q MBBQR2012012*11113072308756,,,,-MYR 1.00,MYR 204.65,,
425,22-Feb-26,Zesti-I (Maybank),"USD5.24 Unikeyic *Singapore, SGP",Unikeyic,Electronics,,-MYR 20.92,MYR 183.73,,
426,22-Feb-26,Zesti-I (Maybank),DUITNOW QR MOHDFAIRUZBINSEKMAN*QR72121756,,,,-MYR 1.63,MYR 182.10,,
427,23-Feb-26,Zesti-I (Maybank),022920551Q MBBQR1537033*11113076329066,SAS Auto,Car Repair,,-MYR 80.00,MYR 102.10,,
428,23-Feb-26,Zesti-I (Maybank),024246494Q MBBQR2326049*11113076374109,Makkah Mart,Groceries,[Waived],-MYR 33.15,MYR 68.95,Iatimad Ali,
429,24-Feb-26,Zesti-I (Maybank),USD 5.24Unikeyic *Singapore,Unikeyic,Electronics,,MYR 20.92,MYR 89.87,,
430,24-Feb-26,Zesti-I (Maybank),USD 5.24Unikeyic *Singapore,Unikeyic,Electronics,,-MYR 20.67,MYR 69.20,,
431,24-Feb-26,Zesti-I (Maybank),MBB CT MUSTAFA YOUSIF ELAG*Tng,Touch n' Go,Road Toll,,-MYR 50.00,MYR 19.20,,
432,25-Feb-26,Zesti-I (Maybank),USD 3.25JLCPCB.COM *SHATIN,JLCPCB,PCB Manufacturing,,MYR 12.77,MYR 31.97,,
433,25-Feb-26,Zesti-I (Maybank),SALARY FEB 26 HAMMOCK ROBOTICS SD Interbank GIRO,Hammock Robotics,Salary,,"MYR 3,500.00","MYR 3,531.97",,
434,25-Feb-26,Zesti-I (Maybank),DUITNOW ALAE NOR ELHOUDA GU*Refund,Alaa Guedeichi,Refund,,-MYR 10.00,"MYR 3,521.97",,
435,25-Feb-26,Zesti-I (Maybank),"USD31.88 LCSC Electronics Te*Kowloon City,",LCSC,Electronics,,-MYR 126.98,"MYR 3,394.99",,
436,26-Feb-26,Zesti-I (Maybank),DUITNOW IATIMAD IBRAHIM MOH*Loan,Iatimad Ali,Loan,[Waived],-MYR 150.00,"MYR 3,244.99",Iatimad Ali,
437,26-Feb-26,Zesti-I (Maybank),"PSS SUBANG *SHAH ALAM, MYS",Petronas,Car Fuel,,-MYR 60.00,"MYR 3,184.99",,
438,26-Feb-26,Zesti-I (Maybank),"PSS SUBANG *SHAH ALAM, MYS",Petronas,Car Fuel,,MYR 60.00,"MYR 3,244.99",,
439,26-Feb-26,Zesti-I (Maybank),"PSS SUBANG *SHAH ALAM, MYS",Petronas,Car Fuel,,-MYR 60.00,"MYR 3,184.99",,
440,27-Feb-26,Zesti-I (Maybank),USD 31.88LCSC Electronics Te* Kowloon City,LCSC,Electronics,,MYR 126.98,"MYR 3,311.97",,
441,27-Feb-26,Zesti-I (Maybank),USD 31.88LCSC Electronics Te*Kowloon City,LCSC,Electronics,,-MYR 125.49,"MYR 3,186.48",,
442,27-Feb-26,Zesti-I (Maybank),FUND Macbook Pro MUSTAFA YOUSIF ELAG*00000001,Tabung,Transfer,,"-MYR 3,600.00",-MYR 413.52,,
443,27-Feb-26,Zesti-I (Maybank),DUITNOW QR MUHAMMADAQILSYAHMIB*QR87446052,Muhammad Aqil,Cash withdrawal,,-MYR 5.00,-MYR 418.52,,
444,27-Feb-26,Zesti-I (Maybank),WTDRW Macbook Pro MUSTAFA YOUSIF ELAG*00000001,Tabung,Transfer,,MYR 500.00,MYR 81.48,,
445,27-Feb-26,Zesti-I (Maybank),DUITNOW QR JUMAHMUSAEDHAYELSHA*QR87550345,Musaid Jumaa,Charity,,-MYR 250.00,-MYR 168.52,,
446,28-Feb-26,Zesti-I (Maybank),"CHOCOLATE WORLD *PUTRAJAYA, MYS",Chocolate World,Food,[Waived],-MYR 8.00,-MYR 176.52,Yousif Elagib,Chocolates for Alaa
447,28-Feb-26,Zesti-I (Maybank),466394362Q Sharnas floral & gi*MBBQR111113091,Sharnas Floral,Flowers,[Waived],-MYR 25.00,-MYR 201.52,Yousif Elagib,Flowers for Alaa
448,28-Feb-26,Zesti-I (Maybank),WTDRW Macbook Pro MUSTAFA YOUSIF ELAG*00000001,Tabung,Transfer,,MYR 560.00,MYR 358.48,,
449,28-Feb-26,Zesti-I (Maybank),DUITNOW QR ALZAGHALOBADAAHMEDH*QR80905831,Obada,,[Waived],-MYR 560.00,-MYR 201.52,Yousif Elagib,
460,1-Mar-26,Zesti-I (Maybank),"APPLE.COM/BILL *CORK, IRL",Apple,Cloud Subscription,,-MYR 3.90,-MYR 205.42,,
461,1-Mar-26,Zesti-I (Maybank),MBB CT- IATIMAD IBRAHIM MOH*Funds,Iatimad Ali,Transfer,[Waived],MYR 424.00,MYR 218.58,,
462,1-Mar-26,Zesti-I (Maybank),FUND Macbook Pro MUSTAFA YOUSIF ELAG*00000001,Maybank,Transfer,,-MYR 500.00,-MYR 281.42,,
463,1-Mar-26,Zesti-I (Maybank),MBB CT- Wise Payments Malay*TW1754872913 Y,Yousif Elagib,Transfer,[Waived],"MYR 2,663.66","MYR 2,382.24",,
464,1-Mar-26,Zesti-I (Maybank),FUND Macbook Pro MUSTAFA YOUSIF ELAG*00000001,Maybank,Transfer,,"-MYR 2,400.00",-MYR 17.76,,
465,3-Mar-26,Zesti-I (Maybank),USD 5.24Unikeyic *Singapore,Unikeyic,Refund,,MYR 20.46,MYR 2.70,,
466,3-Mar-26,Zesti-I (Maybank),2603031920443970 20260303M0000041861*Shopee MarketP,Shopee,Electronics,,-MYR 46.63,-MYR 43.93,,
467,5-Mar-26,Zesti-I (Maybank),"PSS SUBANG *SHAH ALAM, 10",Petronas,Car Fuel,,-MYR 60.00,-MYR 103.93,,
468,5-Mar-26,Zesti-I (Maybank),"PSS SUBANG *SHAH ALAM, 10",Petronas,Car Fuel,,MYR 60.00,-MYR 43.93,,
469,5-Mar-26,Zesti-I (Maybank),"PSS SUBANG *SHAH ALAM, 10",Petronas,Car Fuel,,-MYR 60.00,-MYR 103.93,,
470,5-Mar-26,Zesti-I (Maybank),DUITNOW QR SYEDBALAJALISHAH *QR82315971,Syed Balajalishah,Donation,,-MYR 50.00,-MYR 153.93,,
471,8-Mar-26,Zesti-I (Maybank),"KFRY KITCHENS - NA*CYBERJAYA, MYS",Kfry,Food,[Waived],-MYR 55.90,-MYR 209.83,,
472,8-Mar-26,Zesti-I (Maybank),2603081454053165 20260308M0000041861*Shopee MarketP,Shopee,Electronics,,-MYR 42.37,-MYR 252.20,,
473,8-Mar-26,Zesti-I (Maybank),2603081526173526 20260308M0000041861*Shopee MarketP,Shopee,Electronics,,-MYR 16.50,-MYR 268.70,,
474,8-Mar-26,Zesti-I (Maybank),2603081545563265 20260308M0000041861*Shopee MarketP,Shopee,Electronics,,-MYR 11.75,-MYR 280.45,,
475,8-Mar-26,Zesti-I (Maybank),2603081626573974 20260308M0000041861*Shopee MarketP,Shopee,Electronics,,-MYR 82.26,-MYR 362.71,,
476,8-Mar-26,Zesti-I (Maybank),2603081628243901 20260308M0000041861*Shopee MarketP,Shopee,Electronics,,-MYR 12.84,-MYR 375.55,,
477,8-Mar-26,Zesti-I (Maybank),"PUSTAKA RAWANG-P15 *PUTRAJAYA, 17",Pustaka Rawang,Services,[Waived],-MYR 1.00,-MYR 376.55,,
478,8-Mar-26,Zesti-I (Maybank),185662603Q MBBQR1713454*11113115872505,,[Waived],,-MYR 20.00,-MYR 396.55,,
479,8-Mar-26,Zesti-I (Maybank),DUITNOW QR LIYANA TAILOR *0054169135,Liyana Taylor,Services,[Waived],-MYR 40.00,-MYR 436.55,,
480,8-Mar-26,Zesti-I (Maybank),"MR DIY (M)-N15 *PUTRAJAYA, 17",Mr. DIY,Shopping,[Waived],-MYR 2.20,-MYR 438.75,,
481,9-Mar-26,Zesti-I (Maybank),MBB CT MUSTAFA YOUSIF ELAG*Tng,Touch n' Go,Road Toll,,-MYR 50.00,-MYR 488.75,,
482,10-Mar-26,Zesti-I (Maybank),"GKS*YOBE *WP KUALA LUMP,",Yobe,Food,,-MYR 6.49,-MYR 495.24,,
483,10-Mar-26,Zesti-I (Maybank),"OLDTOWN AI ROBOTIC *SELANGOR, MYS",Oldtown,Food,,-MYR 5.99,-MYR 501.23,,
484,10-Mar-26,Zesti-I (Maybank),DUITNOW QR JUMAHMUSAEDHAYELSHA*QR73013084,Jumah Musaed,Donation,,-MYR 10.00,-MYR 511.23,,
485,10-Mar-26,Zesti-I (Maybank),"DIZARA VENTURES SDN*SELANGOR, MYS",Vending Machine,Food,,-MYR 3.20,-MYR 514.43,,
486,10-Mar-26,Zesti-I (Maybank),WTDRW Macbook Pro MUSTAFA YOUSIF ELAG*00000001,Maybank,Transfer,,MYR 500.00,-MYR 14.43,,
487,10-Mar-26,Zesti-I (Maybank),"POPULAR BOOK-PARADI*PETALING JAYA,",Popular Bookstore,Stationary,[Waived],-MYR 18.90,-MYR 33.33,,
488,11-Mar-26,Zesti-I (Maybank),DUITNOW QR JUMAHMUSAEDHAYELSHA*QR75196400,Jumah Musaed,Donation,,-MYR 10.00,-MYR 43.33,,
489,11-Mar-26,Zesti-I (Maybank),"PETRON JALAN SEGAMB*KUALA LUMPUR,",Petron,Car Fuel,,-MYR 60.00,-MYR 103.33,,
490,11-Mar-26,Zesti-I (Maybank),"PETRON JALAN SEGAMB*KUALA LUMPUR,",Petron,Car Fuel,,-MYR 60.00,-MYR 163.33,,
491,11-Mar-26,Zesti-I (Maybank),"PETRON JALAN SEGAMB*KUALA LUMPUR,",Petron,Car Fuel,,MYR 60.00,-MYR 103.33,,
492,11-Mar-26,Zesti-I (Maybank),"PETRON JALAN SEGAMB*KUALA LUMPUR,",Petron,Car Fuel,,-MYR 60.00,-MYR 163.33,,
493,11-Mar-26,Zesti-I (Maybank),"APPLE.COM/BILL *CORK, IRL",Apple,Cloud Subscriptions,,-MYR 26.90,-MYR 190.23,,
494,13-Mar-26,Zesti-I (Maybank),DUITNOW QR JUMAHMUSAEDHAYELSHA*QR71922185,Jumah Musaed,Donation,,-MYR 10.00,-MYR 200.23,,
495,14-Mar-26,Zesti-I (Maybank),PETRON JALAN SEGAMB*KUALA LUMPUR,Petron,Car Fuel,,MYR 60.00,-MYR 140.23,,
496,14-Mar-26,Zesti-I (Maybank),DUITNOW QR MOHDABIRAFDIBINAWAH*QR76565305,Mohammad Abirafdi,?,,-MYR 300.00,-MYR 440.23,,
497,14-Mar-26,Zesti-I (Maybank),WTDRW Macbook Pro MUSTAFA YOUSIF ELAG*00000001,Maybank,Transfer,,MYR 300.00,-MYR 140.23,,
498,14-Mar-26,Zesti-I (Maybank),2603142325163234 20260314M0000041861*Shopee MarketP,Shopee,Transfer,,-MYR 84.79,-MYR 225.02,,
499,15-Mar-26,Zesti-I (Maybank),DUITNOW QR FADLI BIN DERAMAN *QR76998764,Fadli Bin Deraman,,[Waived],-MYR 11.00,-MYR 236.02,,
500,15-Mar-26,Zesti-I (Maybank),DUITNOW QR JUMAHMUSAEDHAYELSHA*QR77214712,Jumah Musaed,Donation,,-MYR 10.00,-MYR 246.02,,
501,17-Mar-26,Zesti-I (Maybank),DUITNOW QR JUMAHMUSAEDHAYELSHA*QR80774997,Jumah Musaed,Donation,,-MYR 50.00,-MYR 296.02,,
502,17-Mar-26,Zesti-I (Maybank),2603171319493824 20260317M0000041861*Shopee MarketP,Shopee,Electronics,,-MYR 55.12,-MYR 351.14,,
503,18-Mar-26,Zesti-I (Maybank),SALARY MAR 26 HAMMOCK ROBOTICS SD Interbank GIRO,Hammock Robotics,Salary,,"MYR 2,258.06","MYR 1,906.92",,
504,18-Mar-26,Zesti-I (Maybank),2603181704450611 3569357357 *SHOPEE MOBILE,Shopee,Shopping,,-MYR 6.50,"MYR 1,900.42",,
505,18-Mar-26,Zesti-I (Maybank),"Shopee Mobile Malay* Kuala Lumpur,",Shopee,Shopping,,-MYR 0.10,"MYR 1,900.32",,
506,19-Mar-26,Zesti-I (Maybank),DUITNOW QR JUMAHMUSAEDHAYELSHA*QR70922859,Jumah Musaed,Donation,,-MYR 10.00,"MYR 1,890.32",,
507,19-Mar-26,Zesti-I (Maybank),FUND Macbook Pro MUSTAFA YOUSIF ELAG*00000001,Maybank,Transfer,,"-MYR 2,300.00",-MYR 409.68,,
508,19-Mar-26,Zesti-I (Maybank),DUITNOW QR Khayrat Palestine *QR72150561,Khayrat Palestine,Food,,-MYR 20.00,-MYR 429.68,,
509,20-Mar-26,Zesti-I (Maybank),DUITNOW QR MUHAMMAD AMIRUL ASY*QR80449003,Grab,Transportation,[Waived],-MYR 11.00,-MYR 440.68,,
510,21-Mar-26,Zesti-I (Maybank),"CHAGEE MY IOI MALL *P_JAYA, MYS",Chagee,Food,[Waived],-MYR 26.80,-MYR 467.48,,
511,21-Mar-26,Zesti-I (Maybank),WTDRW Macbook Pro MUSTAFA YOUSIF ELAG*00000001,Maybank,Transfer,,MYR 300.00,-MYR 167.48,,
512,21-Mar-26,Zesti-I (Maybank),MBB CT MUSTAFA YOUSIF ELAG*Hotel,Booking.com,Hotel,,-MYR 60.00,-MYR 227.48,,
513,21-Mar-26,Zesti-I (Maybank),"PSS CYBERJAYA *SELANGOR, MYS",Petronas,Car Fuel,[Waived],-MYR 60.00,-MYR 287.48,,
514,21-Mar-26,Zesti-I (Maybank),"PSS CYBERJAYA *SELANGOR, MYS",Petronas,Car Fuel,,MYR 60.00,-MYR 227.48,,
515,21-Mar-26,Zesti-I (Maybank),"PSS CYBERJAYA *SELANGOR, MYS",Petronas,Car Fuel,,-MYR 60.00,-MYR 287.48,,
516,21-Mar-26,Zesti-I (Maybank),"WOW BIRYANI *PETALING JAYA,",Wow Biryani,Food,[Waived],-MYR 74.25,-MYR 361.73,,
517,22-Mar-26,Zesti-I (Maybank),"USD 13.54 JLCPCB.COM *SHATIN, HKG",JLCPCB,PCB Manufacturing,,-MYR 54.49,-MYR 416.22,,
518,22-Mar-26,Zesti-I (Maybank),"TNG-EWALLET ECOM 2*KUALA LUMPUR,",Maybank,Transfer,,-MYR 72.17,-MYR 488.39,,
519,22-Mar-26,Zesti-I (Maybank),DUITNOW QR- FARAJ R A HENEINI *,Faraj Heneini,Refund,,MYR 130.00,-MYR 358.39,,
520,23-Mar-26,Zesti-I (Maybank),USD 13.54JLCPCB.COM *SHATIN,JLCPCB,PCB Manufacturing,,MYR 54.49,-MYR 303.90,,
521,23-Mar-26,Zesti-I (Maybank),USD 13.54JLCPCB.COM *SHATIN,JLCPCB,PCB Manufacturing,,-MYR 53.85,-MYR 357.75,,
522,23-Mar-26,Zesti-I (Maybank),"427937169Q 10gram - Ayer8, Put*MBBQR111113161",10 Gram,Food,[Waived],-MYR 29.95,-MYR 387.70,,
523,23-Mar-26,Zesti-I (Maybank),DUITNOW QR GENERASIBESTARISDN.* QR70194040,Generasibest arisdn,Food,[Waived],-MYR 2.00,-MYR 389.70,,
524,23-Mar-26,Zesti-I (Maybank),"MAKKAH MART *PUTRAJAYA, MYS",Makkah Mart,Groceries,[Waived],-MYR 11.55,-MYR 401.25,,
525,23-Mar-26,Zesti-I (Maybank),"MYDIN BAZAR PUTRAJA*PUTRAJAYA, MYS",MyDin,Groceries,[Waived],-MYR 29.80,-MYR 431.05,,
526,23-Mar-26,Zesti-I (Maybank),WTDRW Macbook Pro MUSTAFA YOUSIF ELAG*00000001,Maybank,Transfer,,MYR 400.00,-MYR 31.05,,
527,23-Mar-26,Zesti-I (Maybank),2603232355543721 20260323M0000041861*Shopee MarketP,Shopee,Shopping,,-MYR 257.22,-MYR 288.27,,
528,24-Mar-26,Zesti-I (Maybank),DUITNOW QR SOLIEMANOMAEDHATS*QR71233516,Omar Soleiman,Food,[Waived],-MYR 15.00,-MYR 303.27,,
529,24-Mar-26,Zesti-I (Maybank),"USD9.84 JLCPCB.COM *SHATIN, HKG",JLCPCB,PCB Manufacturing,,-MYR 39.60,-MYR 342.87,,
530,25-Mar-26,Zesti-I (Maybank),USD 9.84JLCPCB.COM *SHATIN,JLCPCB,PCB Manufacturing,,MYR 39.60,-MYR 303.27,,
531,25-Mar-26,Zesti-I (Maybank),USD 9.84JLCPCB.COM *SHATIN,JLCPCB,PCB Manufacturing,,-MYR 39.13,-MYR 342.40,,
532,25-Mar-26,Zesti-I (Maybank),"PSS SUBANG *SHAH ALAM, MYS",Petronas,Food,[Waived],-MYR 16.10,-MYR 358.50,,
533,25-Mar-26,Zesti-I (Maybank),MAE QR MUHAMMAD DANISH BIN*535290353Q,Muhammad Danish,Food,,-MYR 20.67,-MYR 379.17,,Zus coffee from Danish
534,26-Mar-26,Zesti-I (Maybank),DUITNOW QR THAQWA CLASSIC - SU*QR88563713,Thaqwa Classic,Food,[Waived],-MYR 14.85,-MYR 394.02,,
535,26-Mar-26,Zesti-I (Maybank),SALARY MAR 26 HAMMOCK ROBOTICS SD BALANCE,Hammock Robotics,Salary,,"MYR 1,241.94",MYR 847.92,,
536,27-Mar-26,Zesti-I (Maybank),"PSS SUBANG *SHAH ALAM, MYS",Petronas,Food,,-MYR 8.70,MYR 839.22,,
537,27-Mar-26,Zesti-I (Maybank),FUND Macbook Pro MUSTAFA YOUSIF ELAG*00000001,Maybank,Transfer,,"-MYR 1,200.00",-MYR 360.78,,
538,27-Mar-26,Zesti-I (Maybank),DUITNOW QR Mat Rock Subang *QR80661690,MatRock,Food,,-MYR 12.20,-MYR 372.98,,
539,27-Mar-26,Zesti-I (Maybank),"ZUS COFFEE *SHAH ALAM, MYS",Zus Coffee,Food,,-MYR 13.50,-MYR 386.48,,
540,28-Mar-26,Zesti-I (Maybank),DUITNOW QR PAK KEBABS KITCHEN *QR70586350,Pak Kebabs,Food,[Waived],-MYR 55.10,-MYR 441.58,,Food we bought at date with Alaa
541,28-Mar-26,Zesti-I (Maybank),"PSS R&R SERI KEMBAN*SRI KEMBANGAN,",Petronas,Car Fuel,,-MYR 60.00,-MYR 501.58,,
542,28-Mar-26,Zesti-I (Maybank),"PSS R&R SERI KEMBAN*SRI KEMBANGAN,",Petronas,Car Fuel,,MYR 60.00,-MYR 441.58,,
543,28-Mar-26,Zesti-I (Maybank),"PSS R&R SERI KEMBAN*SRI KEMBANGAN,",Petronas,Car Fuel,,-MYR 60.00,-MYR 501.58,,
544,29-Mar-26,Zesti-I (Maybank),WTDRW Macbook Pro MUSTAFA YOUSIF ELAG*00000001,Maybank,Transfer,,MYR 100.00,-MYR 401.58,,
545,29-Mar-26,Zesti-I (Maybank),"TNG-EWALLET ECOM 2*KUALA LUMPUR,",Touch n' Go,?,,-MYR 30.00,-MYR 431.58,,
546,29-Mar-26,Zesti-I (Maybank),"MR DIY (M)-N15 *PUTRAJAYA, MYS",Mr. DIY,Shopping,[Waived],-MYR 3.30,-MYR 434.88,,
547,29-Mar-26,Zesti-I (Maybank),"MYDIN BAZAR PUTRAJA*PUTRAJAYA, MYS",MyDin,Groceries,[Waived],-MYR 31.80,-MYR 466.68,,
548,29-Mar-26,Zesti-I (Maybank),"PUBLIC BANK BERHAD *PUTRAJAYA, MYS",Public Bank,,[Waived],-MYR 3.00,-MYR 469.68,,
549,30-Mar-26,Zesti-I (Maybank),MBB CT MUSTAFA YOUSIF ELAG*Tng,Touch n' Go,Road Toll,,-MYR 40.00,-MYR 509.68,,
550,30-Mar-26,Zesti-I (Maybank),DUITNOW QR DILIGENT FUSION ENT*QR74295461,,,,-MYR 3.00,-MYR 512.68,,
551,30-Mar-26,Zesti-I (Maybank),WTDRW Macbook Pro MUSTAFA YOUSIF ELAG*00000001,Maybank,Transfer,,MYR 100.00,-MYR 412.68,,
552,30-Mar-26,Zesti-I (Maybank),"US PIZZA - CITTA MA*PETALING JAYA,",US Pizzas,Food,,-MYR 11.55,-MYR 424.23,,
553,30-Mar-26,Zesti-I (Maybank),"SECRET RECIPE-CI *PETALING JAYA,",Secret Recipe,Food,,-MYR 15.10,-MYR 439.33,,
554,30-Mar-26,Zesti-I (Maybank),"SONICBOOM PLATFOR *KUALA LUMPUR,",Sonicboom,Parking,,-MYR 1.00,-MYR 440.33,,Parking at Citta mall
555,31-Mar-26,Zesti-I (Maybank),DIVIDEND PAID,Maybank,Dividend,,MYR 0.01,-MYR 440.32,,
556,31-Mar-26,Zesti-I (Maybank),MAE QR AMAN NIAGA ENTERPRI*976581850Q,Royal Tandoori,Food,[Waived],-MYR 7.50,-MYR 447.82,,
557,31-Mar-26,Zesti-I (Maybank),MAE QRAMAN NIAGA ENTERPRI*984046768Q,Royal Tandoori,Food,[Waived],-MYR 2.50,-MYR 450.32,,
558,31-Mar-26,Zesti-I (Maybank),MAE QR AMAN NIAGA ENTERPRI*984065176Q,Royal Tandoori,Food,[Waived],-MYR 2.50,-MYR 452.82,,
559,31-Mar-26,Zesti-I (Maybank),MAE QR AMAN NIAGA ENTERPRI*984085248Q,Royal Tandoori,Food,[Waived],-MYR 2.50,-MYR 455.32,,
560,31-Mar-26,Zesti-I (Maybank),MAE QR AMAN NIAGA ENTERPRI*984691937Q,Royal Tandoori,Food,[Waived],-MYR 2.50,-MYR 457.82,,
561,1-Apr-26,Zesti-I (Maybank),MAE QR AMAN NIAGA ENTERPRI*071154695Q,Royal Tandoori,Food,[Waived],-MYR 8.00,-MYR 465.82,,
562,1-Apr-26,Zesti-I (Maybank),MAE QR AMAN NIAGA ENTERPRI*101076121Q,Royal Tandoori,Food,[Waived],-MYR 2.50,-MYR 468.32,,
563,1-Apr-26,Zesti-I (Maybank),"APPLE.COM/BILL *CORK, IRL",Apple,Cloud Subscriptions,,-MYR 3.90,-MYR 472.22,,
564,1-Apr-26,Zesti-I (Maybank),"TNG-EWALLET ECOM 2*KUALA LUMPUR,",Touch n' Go,?,,-MYR 8.00,-MYR 480.22,,
565,2-Apr-26,Zesti-I (Maybank),"M. H. CHINA MUSLIM-*PETALING JAYA,",M.H. China Muslim,Food,,-MYR 28.30,-MYR 508.52,,
566,2-Apr-26,Zesti-I (Maybank),"SONICBOOM PLATFOR *KUALA LUMPUR,",Sonicboom,Parking,,-MYR 1.00,-MYR 509.52,,
567,2-Apr-26,Zesti-I (Maybank),WTDRW Macbook Pro MUSTAFA YOUSIF ELAG*00000001,Maybank,Transfer,,MYR 100.00,-MYR 409.52,,
568,2-Apr-26,Zesti-I (Maybank),"CHOCOLICIOUS-ALAMAN*PUTRAJAYA, MYS",Chocolicious,Food,,-MYR 8.00,-MYR 417.52,,Beryl's chocolate from Alamanda
569,3-Apr-26,Zesti-I (Maybank),"PUSTAKA RAWANG-P15 *PUTRAJAYA, MYS",Pustaka Rawang,Services,[Waived],-MYR 4.50,-MYR 422.02,,
570,3-Apr-26,Zesti-I (Maybank),284749035Q AMMARYAM ENTERPRISE*MBBQR111113193,Royal Tandoori,Food,[Waived],-MYR 11.50,-MYR 433.52,,
571,3-Apr-26,Zesti-I (Maybank),300511036Q Notes Copy & Print *MBBQR111113194,Notes Copy & Print,Services,[Waived],-MYR 3.80,-MYR 437.32,,
572,3-Apr-26,Zesti-I (Maybank),300740269Q Notes Copy & Print *MBBQR111113194,Notes Copy & Print,Services,[Waived],-MYR 0.20,-MYR 437.52,,
573,3-Apr-26,Zesti-I (Maybank),DUITNOW ALAE NOR ELHOUDA GU*Kenangan,Alaa Guedeichi,Food,[Waived],-MYR 15.80,-MYR 453.32,,
574,3-Apr-26,Zesti-I (Maybank),"PSS CYBERJAYA *SELANGOR, MYS",Petronas,Car Fuel,,-MYR 60.00,-MYR 513.32,,
575,3-Apr-26,Zesti-I (Maybank),"PSS CYBERJAYA *SELANGOR, MYS",Petronas,Car Fuel,,MYR 60.00,-MYR 453.32,,
576,3-Apr-26,Zesti-I (Maybank),"PSS CYBERJAYA *SELANGOR, MYS",Petronas,Car Fuel,,-MYR 60.00,-MYR 513.32,,
577,3-Apr-26,Zesti-I (Maybank),WTDRW Macbook Pro MUSTAFA YOUSIF ELAG*00000001,Maybank,Transfer,,MYR 100.00,-MYR 413.32,,
578,3-Apr-26,Zesti-I (Maybank),QR PAY SALES La Victoire Sdn Bhd*T111626934126,La Victoire,Food,[Waived],-MYR 6.60,-MYR 419.92,,
579,4-Apr-26,Zesti-I (Maybank),"MR DIY (M)-N15 *PUTRAJAYA, MYS",Mr. DIY,Shopping,[Waived],-MYR 83.20,-MYR 503.12,,
580,5-Apr-26,Zesti-I (Maybank),WTDRW Macbook Pro MUSTAFA YOUSIF ELAG*00000001,Maybank,Transfer,,MYR 300.00,-MYR 203.12,,
581,5-Apr-26,Zesti-I (Maybank),2604051122120167 CFP2604058PP6DNVOWA*PENGURUSAN AIR,Pengurusan Air,Water Bills,[Waived],-MYR 16.90,-MYR 220.02,,
582,5-Apr-26,Zesti-I (Maybank),DUITNOW QR Yemeni Corner Mart *QR81393184,Yemeni Corner Mart,Food,,-MYR 27.00,-MYR 247.02,,
583,6-Apr-26,Zesti-I (Maybank),DUITNOW QR DILIGENT FUSION ENT*QR83267675,Mixue,Food,,-MYR 2.00,-MYR 249.02,,
584,6-Apr-26,Zesti-I (Maybank),"US PIZZA - CITTA MA*PETALING JAYA,",US Pizzas,Food,[Waived],-MYR 17.90,-MYR 266.92,,
585,6-Apr-26,Zesti-I (Maybank),"SECRET RECIPE-CI *PETALING JAYA,",Secret Recipe,Food,[Waived],-MYR 16.50,-MYR 283.42,,
586,6-Apr-26,Zesti-I (Maybank),"SONICBOOM PLATFOR *KUALA LUMPUR,",Sonicboom,Parking,,-MYR 1.00,-MYR 284.42,,
587,7-Apr-26,Zesti-I (Maybank),MAE QRAMAN NIAGA ENTERPRI*567772823Q,UniKL Cafeteria,Food,,-MYR 3.80,-MYR 288.22,,
588,7-Apr-26,Zesti-I (Maybank),MAE QR AMAN NIAGA ENTERPRI*576418998Q,UniKL Cafeteria,Food,,-MYR 2.50,-MYR 290.72,,
589,7-Apr-26,Zesti-I (Maybank),"PSS SUBANG *SHAH ALAM, MYS",Petronas,Food,,-MYR 8.80,-MYR 299.52,,
590,8-Apr-26,Zesti-I (Maybank),MAE QR AMAN NIAGA ENTERPRI*669710783Q,UniKL Cafeteria,Food,,-MYR 9.00,-MYR 308.52,,
591,8-Apr-26,Zesti-I (Maybank),2604081805163678 20260408M0000041861*Shopee MarketP,Shopee,Shopping,,-MYR 15.90,-MYR 324.42,,
592,8-Apr-26,Zesti-I (Maybank),2604081807173982 20260408M0000041861*Shopee MarketP,Shopee,Shopping,,-MYR 9.15,-MYR 333.57,,
593,8-Apr-26,Zesti-I (Maybank),2604081812083111 20260408M0000041861*Shopee MarketP,Shopee,Shopping,,-MYR 20.81,-MYR 354.38,,
594,8-Apr-26,Zesti-I (Maybank),260408183220310120260408M0000041861*Shopee MarketP,Shopee,Shopping,,-MYR 22.79,-MYR 377.17,,
595,8-Apr-26,Zesti-I (Maybank),2604081837383490 20260408M0000041861*Shopee MarketP,Shopee,Shopping,,-MYR 46.24,-MYR 423.41,,
596,8-Apr-26,Zesti-I (Maybank),2604081838413936 20260408M0000041861*Shopee MarketP,Shopee,Shopping,,-MYR 6.00,-MYR 429.41,,
597,8-Apr-26,Zesti-I (Maybank),"PSS SUBANG *SHAH ALAM, MYS",Petronas,Food,,-MYR 3.90,-MYR 433.31,,
598,8-Apr-26,Zesti-I (Maybank),2604082103173900 20260408M0000041861*Shopee MarketP,Shopee,Shopping,,-MYR 7.80,-MYR 441.11,,
599,8-Apr-26,Zesti-I (Maybank),2604082108423176 20260408M0000041861*Shopee MarketP,Shopee,Shopping,,-MYR 5.90,-MYR 447.01,,
600,8-Apr-26,Zesti-I (Maybank),2604082123043494 20260408M0000041861*Shopee MarketP,Shopee,Shopping,,-MYR 22.67,-MYR 469.68,,
601,9-Apr-26,Zesti-I (Maybank),MAE QR AMAN NIAGA ENTERPRI*740882618Q,UniKL Cafeteria,Food,,-MYR 0.50,-MYR 470.18,,
602,10-Apr-26,Zesti-I (Maybank),"PSS LOT 59 JALAN AM*JALAN AMPANG,",Petronas,Food,[Waived],-MYR 5.30,-MYR 475.48,,
603,10-Apr-26,Zesti-I (Maybank),WTDRW Macbook Pro MUSTAFA YOUSIF ELAG*00000001,Maybank,Transfer,,MYR 200.00,-MYR 275.48,,
604,10-Apr-26,Zesti-I (Maybank),"PSS LOT 59 JALAN AM* JALAN AMPANG,",Petronas,Car Fuel,[Waived],-MYR 60.00,-MYR 335.48,,
605,10-Apr-26,Zesti-I (Maybank),"PSS LOT 59 JALAN AM*JALAN AMPANG,",Petronas,Car Fuel,,MYR 60.00,-MYR 275.48,,
606,10-Apr-26,Zesti-I (Maybank),"PSS LOT 59 JALAN AM*JALAN AMPANG,",Petronas,Car Fuel,,-MYR 60.00,-MYR 335.48,,
607,10-Apr-26,Zesti-I (Maybank),WTDRW Macbook Pro MUSTAFA YOUSIF ELAG*00000001,Maybank,Transfer,,MYR 400.00,MYR 64.52,,
608,10-Apr-26,Zesti-I (Maybank),MBB CT EMBASSY OF THE REPU*Embassy fees,Sudanese Embassy,Services,[Waived],-MYR 400.00,-MYR 335.48,,
609,10-Apr-26,Zesti-I (Maybank),849918525Q AMMARYAM ENTERPRISE*MBBQR111113218,Royal Tandoori,Food,[Waived],-MYR 6.00,-MYR 341.48,,
610,10-Apr-26,Zesti-I (Maybank),DUITNOW QR KOR.B KOREAN CYBERJ*QR83253081,Kor.B Korean,Food,[Waived],-MYR 29.50,-MYR 370.98,,
611,10-Apr-26,Zesti-I (Maybank),869401451Q MBBQR1697880*11113219367462,,Food,[Waived],-MYR 10.00,-MYR 380.98,,
612,11-Apr-26,Zesti-I (Maybank),"APPLE.COM/BILL *CORK, IRL",Apple,Cloud Subscriptions,,-MYR 26.90,-MYR 407.88,,
613,11-Apr-26,Zesti-I (Maybank),2604111730573373 20260411M0000041861*Shopee MarketP,Shopee,Shopping,,-MYR 31.65,-MYR 439.53,,
614,11-Apr-26,Zesti-I (Maybank),DUITNOW QR HTTAPAHCATERER *QR76036535,Hajitappah,Food,[Waived],-MYR 5.50,-MYR 445.03,,
615,11-Apr-26,Zesti-I (Maybank),"MYDIN BAZAR PUTRAJA*PUTRAJAYA, MYS",MyDin,Shopping,[Waived],-MYR 67.60,-MYR 512.63,,
616,11-Apr-26,Zesti-I (Maybank),WTDRW Macbook Pro MUSTAFA YOUSIF ELAG*00000001,Maybank,Transfer,,MYR 300.00,-MYR 212.63,,
617,11-Apr-26,Zesti-I (Maybank),2604111839003122 20260411M0000041861*Shopee MarketP,Shopee,Shopping,,-MYR 34.05,-MYR 246.68,,
618,11-Apr-26,Zesti-I (Maybank),2604111908483784 20260411M0000041861*Shopee MarketP,Shopee,Shopping,,-MYR 9.99,-MYR 256.67,,
619,12-Apr-26,Zesti-I (Maybank),"PUSTAKA RAWANG-P15 *PUTRAJAYA, MYS",Pustaka Rawang,Services,[Waived],-MYR 5.50,-MYR 262.17,,
620,12-Apr-26,Zesti-I (Maybank),"МАККАН MART *PUTRAJAYA, MYS",Makkah Mart,Food,[Waived],-MYR 22.80,-MYR 284.97,,
621,12-Apr-26,Zesti-I (Maybank),2604122121483118 20260412M0000041861*Shopee MarketP,Shopee,Shopping,,-MYR 21.53,-MYR 306.50,,
622,13-Apr-26,Zesti-I (Maybank),"THAQWA CLASSIC-PJ *PETALING JAYA,",Thaqwa Classic,Food,[Waived],-MYR 14.10,-MYR 320.60,,
623,14-Apr-26,Zesti-I (Maybank),MAE QR AMAN NIAGA ENTERPRI*098046225Q,UniKL Cafeteria,Food,,-MYR 3.50,-MYR 324.10,,
624,14-Apr-26,Zesti-I (Maybank),MAE QR AMAN NIAGA ENTERPRI*123889217Q,UniKL Cafeteria,Food,,-MYR 2.00,-MYR 326.10,,
625,14-Apr-26,Zesti-I (Maybank),"PSS SUBANG *SHAH ALAM, MYS",Petronas,Food,,-MYR 5.10,-MYR 331.20,,
626,15-Apr-26,Zesti-I (Maybank),MAE QR AMAN NIAGA ENTERPRI*173671065Q,UniKL Cafeteria,Food,,-MYR 8.00,-MYR 339.20,,
627,15-Apr-26,Zesti-I (Maybank),MBB CT- Shopee MarketPlace *20260408M00000,Shopee,Refund,,MYR 12.60,-MYR 326.60,,
628,16-Apr-26,Zesti-I (Maybank),MAE QR AMAN NIAGA ENTERPRI*258649327Q,UniKL Cafeteria,Food,,-MYR 3.50,-MYR 330.10,,
629,16-Apr-26,Zesti-I (Maybank),MAE QR AMAN NIAGA ENTERPRI*269530873Q,UniKL Cafeteria,Food,,-MYR 2.20,-MYR 332.30,,
630,16-Apr-26,Zesti-I (Maybank),MAE QR AMAN NIAGA ENTERPRI*284346973Q,UniKL Cafeteria,Food,,-MYR 3.80,-MYR 336.10,,
631,16-Apr-26,Zesti-I (Maybank),"PSS SUBANG *SHAH ALAM, MYS",Petronas,Food,,-MYR 5.20,-MYR 341.30,,
632,17-Apr-26,Zesti-I (Maybank),"PSS NKVE HIGHWAY *SELANGOR, MYS",Petronas,Car Fuel,,-MYR 60.00,-MYR 401.30,,
633,17-Apr-26,Zesti-I (Maybank),"PSS NKVE HIGHWAY *SELANGOR, MYS",Petronas,Car Fuel,,MYR 60.00,-MYR 341.30,,
634,17-Apr-26,Zesti-I (Maybank),"PSS NKVE HIGHWAY *SELANGOR, MYS",Petronas,Car Fuel,,-MYR 60.00,-MYR 401.30,,
635,17-Apr-26,Zesti-I (Maybank),"7-ELEVEN MALAYSIA S*AMPANG, MYS",7-Eleven,Food,[Waived],-MYR 9.80,-MYR 411.10,,
636,17-Apr-26,Zesti-I (Maybank),DUITNOW QR BOASAMPANG *QR71955738,Boa Sampang,Services,[Waived],-MYR 7.50,-MYR 418.60,,Print services in Ampang
637,17-Apr-26,Zesti-I (Maybank),DUITNOW QR NORAIMABINTIABDULLA*QR87733470,Noraima binti Abdulla,Services,[Waived],-MYR 4.00,-MYR 422.60,,Envelope from lady at Ampang
638,17-Apr-26,Zesti-I (Maybank),364208408Q AMMARYAM ENTERPRISE*MBBQR111113242,Royal Tandoori,Food,[Waived],-MYR 12.00,-MYR 434.60,,
639,17-Apr-26,Zesti-I (Maybank),"7-ELEVEN MALAYSIA S*CYBERJAYA, MYS",7-Eleven,Food,[Waived],-MYR 14.80,-MYR 449.40,,
640,17-Apr-26,Zesti-I (Maybank),FUND Macbook Pro MUSTAFA YOUSIF ELAG*00000001,Maybank,Transfer,,-MYR 60.00,-MYR 509.40,,
641,18-Apr-26,Zesti-I (Maybank),WTDRW Macbook Pro MUSTAFA YOUSIF ELAG*00000001,Maybank,Transfer,,MYR 100.00,-MYR 409.40,,
642,18-Apr-26,Zesti-I (Maybank),2604180931343089 20260418M0000041861*Shopee MarketP,Shopee,Shopping,,-MYR 82.37,-MYR 491.77,,
643,18-Apr-26,Zesti-I (Maybank),2604181725243266 20260418M0000041861*Shopee MarketP,Shopee,Shopping,,-MYR 11.90,-MYR 503.67,,
644,18-Apr-26,Zesti-I (Maybank),DUITNOW QR HTTAPAHCATERER *QR75147237,Hajitappah,Food,[Waived],-MYR 3.50,-MYR 507.17,,
645,19-Apr-26,Zesti-I (Maybank),DUITNOW QR HTTAPAHCATERER *QR76474097,Hajitappah,Food,[Waived],-MYR 5.50,-MYR 512.67,,
646,20-Apr-26,Zesti-I (Maybank),WTDRW Macbook Pro MUSTAFA YOUSIF ELAG*00000001,Maybank,Transfer,,MYR 2.00,-MYR 510.67,,
647,20-Apr-26,Zesti-I (Maybank),WTDRW Macbook Pro MUSTAFA YOUSIF ELAG*00000001,Maybank,Transfer,,MYR 1.00,-MYR 509.67,,
648,20-Apr-26,Zesti-I (Maybank),MAE QR AMAN NIAGA ENTERPRI*563032352Q,UniKL Cafeteria,Food,,-MYR 4.80,-MYR 514.47,,
649,20-Apr-26,Zesti-I (Maybank),WTDRW Macbook Pro MUSTAFA YOUSIF ELAG*00000001,Maybank,Transfer,,MYR 40.00,-MYR 474.47,,
650,20-Apr-26,Zesti-I (Maybank),MAE QR AMAN NIAGA ENTERPRI*575202525Q,UniKL Cafeteria,Food,,-MYR 2.20,-MYR 476.67,,
651,20-Apr-26,Zesti-I (Maybank),"PSS SUBANG *SHAH ALAM, MYS",Petronas,Food,,-MYR 1.60,-MYR 478.27,,
652,21-Apr-26,Zesti-I (Maybank),MAE QRAMAN NIAGA ENTERPRI*641481658Q,UniKL Cafeteria,Food,,-MYR 3.50,-MYR 481.77,,
653,21-Apr-26,Zesti-I (Maybank),2604210941463235 20260421M0000041861*Shopee MarketP,Shopee,Shopping,,-MYR 7.35,-MYR 489.12,,
654,21-Apr-26,Zesti-I (Maybank),"TPG BAKERY SDN BHD *KUALA LANGAT,",TPG Bakery,?,,-MYR 15.90,-MYR 505.02,,
655,21-Apr-26,Zesti-I (Maybank),"TPG BAKERY SDN BHD *KUALA LANGAT,",TPG Bakery,?,,-MYR 3.30,-MYR 508.32,,
656,21-Apr-26,Zesti-I (Maybank),WTDRW Macbook Pro MUSTAFA YOUSIF ELAG*00000001,Maybank,Transfer,,MYR 400.00,-MYR 108.32,,
657,21-Apr-26,Zesti-I (Maybank),MBB CT MUSTAFA YOUSIF ELAG*Tng,Touch n' Go,Road Toll,,-MYR 50.00,-MYR 158.32,,
658,21-Apr-26,Zesti-I (Maybank),QR PAY SALES La Victoire Sdn Bhd*T118988810226,La Victoire,?,,-MYR 6.60,-MYR 164.92,,
659,21-Apr-26,Zesti-I (Maybank),DUITNOW QR MMC STATIONERIES & *QR88748695,MMC Stationeries,?,,-MYR 8.00,-MYR 172.92,,
660,22-Apr-26,Zesti-I (Maybank),MAE QR AMAN NIAGA ENTERPRI*715296117Q,UniKL Cafeteria,Food,,-MYR 7.50,-MYR 180.42,,
661,22-Apr-26,Zesti-I (Maybank),"GRAB RIDES-EC *PETALING JAYA,",Grab,Subscription,,-MYR 1.00,-MYR 181.42,,
662,22-Apr-26,Zesti-I (Maybank),"GRAB RIDES-EC *PETALING JAYA,",Grab,Subscription,,MYR 1.00,-MYR 180.42,,
663,22-Apr-26,Zesti-I (Maybank),"GRAB-EC *PETALING JAYA,",Grab,Food,,-MYR 10.92,-MYR 191.34,,
664,22 Apr 2026,Zesti-I (Maybank),MAE OR AMAN NIAGA ENTERPRI*748470994Q,UniKL Cafeteria,Food,,-MYR 2.20,-MYR 193.54,,
665,23 Apr 2026,Zesti-I (Maybank),MAE OR AMAN NIAGA ENTERPRI*794180502Q,UniKL Cafeteria,Food,,-MYR 6.50,-MYR 200.04,,
666,23 Apr 2026,Zesti-I (Maybank),DUITNOW OR ELTAHER SOLIEMAN *QR83640991,Omar Soleiman,Food,[Waived],-MYR 12.00,-MYR 212.04,,
667,23-Apr-26,Zesti-I (Maybank),"PSS SUBANG *SHAH ALAM, MYS",Petronas,Car Fuel,,-MYR 70.00,-MYR 282.04,,
668,23 Apr 2026,Zesti-I (Maybank),"PSS SUBANG *SHAH ALAM, MYS",Petronas,Car Fuel,,MYR 70.00,-MYR 212.04,,
669,23 Apr 2026,Zesti-I (Maybank),"PSS SUBANG *SHAH ALAM, MYS",Petronas,Car Fuel,,-MYR 70.00,-MYR 282.04,,
670,23 Apr 2026,Zesti-I (Maybank),"PSS SUBANG *SHAH ALAM, MYS",Petronas,Food,,-MYR 3.60,-MYR 285.64,,
671,24-Apr-26,Zesti-I (Maybank),"PSS SUBANG *SHAH ALAM, MYS",Petronas,Food,,-MYR 5.20,-MYR 290.84,,
672,24 Apr 2026,Zesti-I (Maybank),SALARY APR 26 HAMMOCK ROBOTICS SD Interbank GIRO,Hammock Robotics,Salary,,"MYR 3,500.00","MYR 3,209.16",,
673,24-Apr-26,Zesti-I (Maybank),"NASI KANDAR PELITA *AMPANG, MYS",Nasi Kandar Pelita,Food,[Waived],-MYR 3.15,"MYR 3,206.01",,
674,24 Apr 2026,Zesti-I (Maybank),DUITNOW QR BOASAMPANG *QR85138090,Boasampang,Services,[Waived],-MYR 3.30,"MYR 3,202.71",,
675,24 Apr 2026,Zesti-I (Maybank),891172842Q AMMARYAM ENTERPRISE*MBBQR111113267,Royal Tandoori,Food,[Waived],-MYR 2.50,"MYR 3,200.21",,
676,24 Apr 2026,Zesti-I (Maybank),903506781Q Aldar lounge *MBBQR111113268,Aldar Lounge,Food,,-MYR 13.20,"MYR 3,187.01",,
677,24 Apr 2026,Zesti-I (Maybank),908651731Q Aldar lounge *MBBQR111113268,Aldar Lounge,Food,,-MYR 6.00,"MYR 3,181.01",,
678,24 Apr 2026,Zesti-I (Maybank),"DECATHLON-2793 *PUTRAJAYA, MYS",Decathlon,Clothes,[Waived],-MYR 48.00,"MYR 3,133.01",,
679,24 Apr 2026,Zesti-I (Maybank),"SUKIYA TOKYO BOWLS-*CHERAS, MYS",Sukiya Tokyo Bowls,Food,[Waived],-MYR 36.90,"MYR 3,096.11",,
680,25 Apr 2026,Zesti-I (Maybank),DUITNOW IATIMAD IBRAHIM MOH*loan,Iatimad Ali,Loan,[Waived],-MYR 600.00,"MYR 2,496.11",,
681,25 Apr 2026,Zesti-I (Maybank),FUND Macbook Pro MUSTAFA YOUSIF ELAG*00000001,Maybank,Transfer,,"-MYR 3,000.00",-MYR 503.89,,
682,26 Apr 2026,Zesti-I (Maybank),2604260907243675 20260426M0000041861*Shopee MarketP,Shopee,Shopping,,-MYR 2.50,-MYR 506.39,,
683,26-Apr-26,Zesti-I (Maybank),DUITNOW QR HTTAPAHCATERER *QR80652785,Hajitappah,Food,,-MYR 7.00,-MYR 513.39,,
684,26 Apr 2026,Zesti-I (Maybank),WTDRW Macbook Pro MUSTAFA YOUSIF ELAG*00000001,Maybank,Transfer,,MYR 100.00,-MYR 413.39,,
685,26 Apr 2026,Zesti-I (Maybank),DUITNOW QR Yemeni Corner Mart *QR81882602,Yemeni Corner Mart,Food,[Waived],-MYR 27.00,-MYR 440.39,,
686,26 Apr 2026,Zesti-I (Maybank),"PSS SUBANG *SHAH ALAM, MYS",Petronas,Food,,-MYR 10.70,-MYR 451.09,,
687,27 Apr 2026,Zesti-I (Maybank),MAE QR AMAN NIAGA ENTERPRI*105447098Q,UniKL Cafeteria,Food,,-MYR 3.50,-MYR 454.59,,
688,27 Apr 2026,Zesti-I (Maybank),MAE QR AMAN NIAGA ENTERPRI*132162212Q,UniKL Cafeteria,Food,,-MYR 2.20,-MYR 456.79,,
689,28 Apr 2026,Zesti-I (Maybank),ANNUAL FEES FOR BANKARD CHARGES,Maybank,Fees,,-MYR 8.00,-MYR 464.79,,
690,28 Apr 2026,Zesti-I (Maybank),MAE QR AMAN NIAGA ENTERPRI*192942018Q,UniKL Cafeteria,Food,,-MYR 6.50,-MYR 471.29,,
691,28 Apr 2026,Zesti-I (Maybank),MAE QR AMAN NIAGA ENTERPRI*204642705Q,UniKL Cafeteria,Food,,-MYR 2.20,-MYR 473.49,,
692,28 Apr 2026,Zesti-I (Maybank),2604281226383308 20260428M0000041861*Shopee MarketP,Shopee,Shopping,,-MYR 29.90,-MYR 503.39,,
693,28-Apr-26,Zesti-I (Maybank),"PSS SUBANG *SHAH ALAM, MYS",Petronas,Food,,-MYR 4.80,-MYR 508.19,,
694,29-Apr-26,Zesti-I (Maybank),MAE QR AMAN NIAGA ENTERPRI*284167863Q,UniKL Cafeteria,Food,,-MYR 6.50,-MYR 514.69,,
695,29 Apr 2026,Zesti-I (Maybank),WTDRW Macbook Pro MUSTAFA YOUSIF ELAG*00000001,Maybank,Transfer,,MYR 50.00,-MYR 464.69,,
696,29 Apr 2026,Zesti-I (Maybank),MAE QR AMAN NIAGA ENTERPRI*300169815Q,UniKL Cafeteria,Food,,-MYR 2.20,-MYR 466.89,,
697,29-Apr-26,Zesti-I (Maybank),"PSS SUBANG *SHAH ALAM, MYS",Petronas,Food,,-MYR 5.00,-MYR 471.89,,
698,30 Apr 2026,Zesti-I (Maybank),DIVIDEND PAID,Maybank,Dividend,,MYR 0.01,-MYR 471.88,,
699,30 Apr 2026,Zesti-I (Maybank),"PSS SUBANG *SHAH ALAM, MYS",Petronas,Food,,-MYR 6.00,-MYR 477.88,,
700,30-Apr-26,Zesti-I (Maybank),"TPG BAKERY SDN BHD *KUALA LANGAT,",TPG Bakery,?,,-MYR 6.60,-MYR 484.48,,
701,30-Apr-26,Zesti-I (Maybank),WTDRW Macbook Pro MUSTAFA YOUSIF ELAG*00000001,Maybank,Transfer,,MYR 50.00,-MYR 434.48,,
702,30 Apr 2026,Zesti-I (Maybank),WTDRW Macbook Pro MUSTAFA YOUSIF ELAG*00000001|,Maybank,Transfer,,MYR 200.00,-MYR 234.48,,
703,30-Apr-26,Zesti-I (Maybank),"BHPETROL JALAN 222 *SELANGOR, MYS",BHP,Car Fuel,,-MYR 200.00,-MYR 434.48,,
704,30 Apr 2026,Zesti-I (Maybank),"BHPETROL JALAN 222 *SELANGOR, MYS",BHP,Car Fuel,,MYR 200.00,-MYR 234.48,,
705,30 Apr 2026,Zesti-I (Maybank),"BHPETROL JALAN 222 *SELANGOR, MYS",BHP,Car Fuel,,-MYR 60.00,-MYR 294.48,,
706,1 May 2026,Zesti-I (Maybank),"APPLE.COM/BILL *CORK, IRL",Apple,Cloud Subscriptions,,-MYR 3.90,-MYR 298.38,,
707,1 May 2026,Zesti-I (Maybank),"ZUS COFFEE *SHAH ALAM, MYS",Zus Coffee,Food,[Waived],-MYR 17.75,-MYR 316.13,,
708,1-May-26,Zesti-I (Maybank),2605011631523796 20260501M0000041861*Shopee MarketP,Shopee,Shopping,,-MYR 98.36,-MYR 414.49,,
709,1 May 2026,Zesti-I (Maybank),WTDRW Macbook Pro MUSTAFA YOUSIF ELAG*00000001,Maybank,Transfer,,MYR 100.00,-MYR 314.49,,
710,1 May 2026,Zesti-I (Maybank),"AEON BIG-PUTRAJAYA *PUTRAJAYA, MYS",Aeon Big,Groceries,,-MYR 127.25,-MYR 441.74,,
711,1-May-26,Zesti-I (Maybank),"A'DECADE *PUTRAJAYA, MYS",A'Decade,Food,[Waived],-MYR 50.80,-MYR 492.54,,
712,1-May-26,Zesti-I (Maybank),DUITNOW QR- ALAE NOR ELHOUDA GU*,Alaa Guedeichi,Refund,,MYR 100.00,-MYR 392.54,,
713,1-May-26,Zesti-I (Maybank),DUITNOW QR- ALAE NOR ELHOUDA GU*,Alaa Guedeichi,Refund,,MYR 35.00,-MYR 357.54,,
714,2 May 2026,Zesti-I (Maybank),DUITNOW QR HTTAPAHCATERER *QR85633238,Hajitappah,Food,[Waived],-MYR 3.50,-MYR 361.04,,
715,2 May 2026,Zesti-I (Maybank),DUITNOW QR VARATHANSELLANGINES*QR85679147,Varathansellangines,Grooming,[Waived],-MYR 20.00,-MYR 381.04,,
716,2 May 2026,Zesti-I (Maybank),"USD5.00 OBSIDIAN *OAKVILLE, CAN",Obsidian,Cloud Subscriptions,,-MYR 20.29,-MYR 401.33,,
717,2 May 2026,Zesti-I (Maybank),"CHOO CHII PUTRAJAYA, MYS",Choo Chii,Car Cleaning,,-MYR 30.00,-MYR 431.33,,
718,2 May 2026,Zesti-I (Maybank),MBB CT MUSTAFA YOUSIF ELAG*Tng,Touch n' Go,Road Toll,,-MYR 50.00,-MYR 481.33,,
719,3-May-26,Zesti-I (Maybank),DUITNOW QR AMMAR YASSER SADIK *QR88666084,Ammar Yasser,Food,,-MYR 25.00,-MYR 506.33,,
720,4 May 2026,Zesti-I (Maybank),USD 5.00OBSIDIAN *OAKVILLE,Obsidian,Cloud Subscriptions,,MYR 20.29,-MYR 486.04,,
721,4-May-26,Zesti-I (Maybank),USD 5.00OBSIDIAN *OAKVILLE,Obsidian,Cloud Subscriptions,,-MYR 20.05,-MYR 506.09,,
722,4 May 2026,Zesti-I (Maybank),WTDRW Macbook Pro MUSTAFA YOUSIF ELAG*00000001,Maybank,Transfer,,"MYR 1,000.00",MYR 493.91,,
723,4-May-26,Zesti-I (Maybank),"USD228.80 ETS GRE SERVICES *PRINCETON, USA",ETS,Examination,[Waived],-MYR 928.37,-MYR 434.46,,
